PassengerId,Transported
0013_01,TRUE
0018_01,FALSE
0019_01,TRUE
0021_01,TRUE
0023_01,TRUE
0027_01,TRUE
0029_01,TRUE
0032_01,TRUE
0032_02,TRUE
0033_01,TRUE
0037_01,FALSE
0040_01,FALSE
0040_02,TRUE
0042_01,FALSE
0046_01,FALSE
0046_02,FALSE
0046_03,FALSE
0047_01,TRUE
0047_02,TRUE
0047_03,FALSE
0048_01,TRUE
0049_01,FALSE
0054_01,TRUE
0054_02,TRUE
0054_03,FALSE
0055_01,FALSE
0057_01,TRUE
0059_01,TRUE
0060_01,TRUE
0063_01,TRUE
0065_01,TRUE
0075_01,FALSE
0079_01,TRUE
0080_01,FALSE
0083_01,FALSE
0087_01,FALSE
0089_01,TRUE
0093_01,TRUE
0094_01,FALSE
0094_02,FALSE
0095_01,TRUE
0096_01,FALSE
0100_01,TRUE
0100_02,TRUE
0104_01,FALSE
0106_01,TRUE
0109_01,FALSE
0117_01,TRUE
0118_01,TRUE
0121_01,FALSE
0124_01,TRUE
0125_01,TRUE
0125_02,FALSE
0130_01,TRUE
0131_01,FALSE
0132_01,TRUE
0135_01,FALSE
0137_01,TRUE
0142_01,TRUE
0142_02,FALSE
0142_03,TRUE
0143_01,TRUE
0145_01,FALSE
0150_01,TRUE
0150_02,TRUE
0153_01,FALSE
0154_01,TRUE
0155_01,FALSE
0156_01,TRUE
0157_01,FALSE
0158_01,FALSE
0158_02,FALSE
0159_01,FALSE
0161_01,FALSE
0162_01,TRUE
0166_01,TRUE
0168_01,TRUE
0175_01,TRUE
0175_02,TRUE
0175_03,TRUE
0175_04,TRUE
0175_05,FALSE
0176_01,FALSE
0180_01,FALSE
0184_01,FALSE
0185_01,TRUE
0187_01,TRUE
0191_01,FALSE
0194_01,TRUE
0194_02,TRUE
0194_03,FALSE
0204_01,FALSE
0208_01,FALSE
0209_01,FALSE
0214_01,FALSE
0214_02,FALSE
0215_01,TRUE
0218_01,FALSE
0226_01,TRUE
0227_01,TRUE
0228_01,TRUE
0228_02,TRUE
0228_03,TRUE
0228_04,FALSE
0230_01,TRUE
0230_02,FALSE
0235_01,TRUE
0236_01,TRUE
0238_01,FALSE
0247_01,TRUE
0247_02,TRUE
0249_01,FALSE
0256_01,TRUE
0259_01,TRUE
0262_01,FALSE
0264_01,TRUE
0264_02,TRUE
0264_03,FALSE
0266_01,FALSE
0266_02,FALSE
0268_01,FALSE
0268_02,FALSE
0271_01,FALSE
0272_01,FALSE
0273_01,TRUE
0273_02,TRUE
0273_03,FALSE
0274_01,FALSE
0274_02,FALSE
0276_01,FALSE
0276_02,TRUE
0279_01,FALSE
0280_01,FALSE
0284_01,TRUE
0292_01,FALSE
0293_01,TRUE
0295_01,FALSE
0296_01,FALSE
0299_01,FALSE
0300_01,FALSE
0308_01,TRUE
0311_01,TRUE
0312_01,TRUE
0317_01,FALSE
0318_01,TRUE
0319_01,FALSE
0319_02,TRUE
0323_01,TRUE
0325_01,FALSE
0328_01,TRUE
0329_01,TRUE
0332_01,TRUE
0335_01,FALSE
0339_01,FALSE
0339_02,FALSE
0339_03,FALSE
0339_04,TRUE
0339_05,TRUE
0339_06,FALSE
0339_07,FALSE
0339_08,FALSE
0342_01,TRUE
0342_02,FALSE
0344_01,TRUE
0344_02,FALSE
0349_01,FALSE
0349_02,TRUE
0349_03,FALSE
0349_04,TRUE
0349_05,FALSE
0349_06,FALSE
0351_01,TRUE
0353_01,TRUE
0353_02,TRUE
0354_01,TRUE
0362_01,TRUE
0363_01,FALSE
0363_02,FALSE
0363_03,FALSE
0364_01,TRUE
0364_02,FALSE
0366_01,TRUE
0367_01,FALSE
0374_01,FALSE
0374_02,FALSE
0386_01,FALSE
0390_01,TRUE
0393_01,FALSE
0394_01,TRUE
0399_01,TRUE
0400_01,TRUE
0404_01,TRUE
0406_01,FALSE
0414_01,FALSE
0416_01,FALSE
0418_01,FALSE
0419_01,TRUE
0419_02,TRUE
0419_03,TRUE
0420_01,FALSE
0421_01,TRUE
0422_01,FALSE
0424_01,FALSE
0426_01,FALSE
0440_01,TRUE
0443_01,FALSE
0450_01,FALSE
0451_01,TRUE
0455_01,FALSE
0464_01,TRUE
0467_01,TRUE
0467_02,TRUE
0467_03,TRUE
0467_04,TRUE
0469_01,FALSE
0473_01,FALSE
0478_01,FALSE
0478_02,TRUE
0479_01,TRUE
0483_01,TRUE
0483_02,TRUE
0484_01,TRUE
0486_01,FALSE
0489_01,FALSE
0489_02,TRUE
0491_01,TRUE
0492_01,FALSE
0493_01,TRUE
0494_01,TRUE
0494_02,TRUE
0495_01,TRUE
0495_02,TRUE
0495_03,TRUE
0495_04,TRUE
0495_05,FALSE
0495_06,FALSE
0496_01,TRUE
0496_02,TRUE
0497_01,TRUE
0505_01,FALSE
0508_01,FALSE
0509_01,FALSE
0511_01,FALSE
0514_01,TRUE
0524_01,TRUE
0526_01,TRUE
0530_01,FALSE
0530_02,FALSE
0530_03,TRUE
0532_01,FALSE
0532_02,TRUE
0535_01,FALSE
0536_01,FALSE
0536_02,FALSE
0541_01,TRUE
0543_01,TRUE
0544_01,TRUE
0554_01,FALSE
0557_01,TRUE
0557_02,TRUE
0558_01,TRUE
0562_01,TRUE
0562_02,TRUE
0574_01,FALSE
0578_01,TRUE
0578_02,TRUE
0584_01,TRUE
0584_02,FALSE
0592_01,FALSE
0595_01,TRUE
0601_01,TRUE
0604_01,TRUE
0605_01,FALSE
0606_01,TRUE
0613_01,TRUE
0613_02,TRUE
0616_01,FALSE
0617_01,FALSE
0620_01,FALSE
0620_02,TRUE
0620_03,TRUE
0621_01,FALSE
0622_01,FALSE
0624_01,TRUE
0625_01,TRUE
0625_02,TRUE
0625_03,TRUE
0626_01,TRUE
0626_02,TRUE
0626_03,TRUE
0627_01,TRUE
0632_01,FALSE
0632_02,TRUE
0632_03,TRUE
0640_01,TRUE
0640_02,TRUE
0648_01,FALSE
0648_02,FALSE
0649_01,TRUE
0651_01,TRUE
0652_01,TRUE
0652_02,TRUE
0652_03,TRUE
0652_04,FALSE
0652_05,TRUE
0654_01,TRUE
0662_01,TRUE
0666_01,TRUE
0666_02,TRUE
0667_01,FALSE
0670_01,FALSE
0670_02,FALSE
0673_01,TRUE
0675_01,TRUE
0676_01,FALSE
0681_01,TRUE
0692_01,TRUE
0694_01,TRUE
0695_01,TRUE
0698_01,FALSE
0700_01,FALSE
0706_01,TRUE
0708_01,TRUE
0708_02,TRUE
0711_01,FALSE
0716_01,FALSE
0717_01,TRUE
0717_02,TRUE
0717_03,TRUE
0717_04,TRUE
0717_05,FALSE
0717_06,FALSE
0717_07,TRUE
0720_01,TRUE
0720_02,FALSE
0720_03,FALSE
0721_01,TRUE
0722_01,FALSE
0723_01,FALSE
0725_01,TRUE
0730_01,FALSE
0731_01,TRUE
0731_02,FALSE
0735_01,FALSE
0739_01,TRUE
0741_01,FALSE
0742_01,FALSE
0742_02,TRUE
0744_01,TRUE
0745_01,FALSE
0747_01,FALSE
0748_01,TRUE
0748_02,FALSE
0749_01,TRUE
0751_01,TRUE
0752_01,TRUE
0755_01,TRUE
0758_01,TRUE
0758_02,TRUE
0758_03,FALSE
0759_01,TRUE
0759_02,FALSE
0759_03,TRUE
0760_01,FALSE
0763_01,TRUE
0763_02,FALSE
0766_01,FALSE
0774_01,TRUE
0774_02,FALSE
0774_03,TRUE
0775_01,TRUE
0775_02,TRUE
0775_03,TRUE
0775_04,FALSE
0775_05,TRUE
0775_06,TRUE
0778_01,TRUE
0778_02,TRUE
0780_01,TRUE
0783_01,FALSE
0792_01,TRUE
0800_01,FALSE
0801_01,TRUE
0803_01,TRUE
0804_01,TRUE
0807_01,TRUE
0810_01,FALSE
0812_01,FALSE
0814_01,FALSE
0821_01,TRUE
0827_01,FALSE
0827_02,TRUE
0827_03,TRUE
0831_01,FALSE
0832_01,TRUE
0837_01,TRUE
0837_02,FALSE
0838_01,FALSE
0838_02,FALSE
0841_01,FALSE
0842_01,FALSE
0843_01,FALSE
0844_01,TRUE
0847_01,FALSE
0852_01,TRUE
0854_01,TRUE
0855_01,FALSE
0856_01,FALSE
0857_01,TRUE
0858_01,FALSE
0858_02,TRUE
0861_01,FALSE
0862_01,TRUE
0864_01,FALSE
0864_02,TRUE
0864_03,TRUE
0866_01,TRUE
0872_01,FALSE
0880_01,TRUE
0880_02,TRUE
0882_01,TRUE
0884_01,FALSE
0884_02,TRUE
0886_01,FALSE
0886_02,TRUE
0886_03,TRUE
0887_01,FALSE
0887_02,FALSE
0888_01,FALSE
0888_02,TRUE
0891_01,TRUE
0892_01,TRUE
0892_02,TRUE
0892_03,TRUE
0894_01,TRUE
0895_01,FALSE
0896_01,TRUE
0897_01,TRUE
0897_02,TRUE
0900_01,TRUE
0908_01,FALSE
0909_01,FALSE
0909_02,TRUE
0909_03,TRUE
0914_01,FALSE
0916_01,FALSE
0917_01,FALSE
0920_01,FALSE
0929_01,FALSE
0934_01,FALSE
0936_01,FALSE
0937_01,FALSE
0943_01,TRUE
0943_02,TRUE
0943_03,FALSE
0945_01,FALSE
0945_02,FALSE
0948_01,FALSE
0950_01,TRUE
0954_01,TRUE
0958_01,FALSE
0959_01,FALSE
0962_01,TRUE
0963_01,TRUE
0967_01,FALSE
0973_01,FALSE
0974_01,FALSE
0977_01,TRUE
0980_01,FALSE
0981_01,FALSE
0981_02,TRUE
0986_01,FALSE
0986_02,TRUE
0996_01,FALSE
0999_01,TRUE
0999_02,TRUE
1003_01,FALSE
1007_01,FALSE
1009_01,FALSE
1010_01,TRUE
1016_01,FALSE
1021_01,FALSE
1023_01,TRUE
1028_01,TRUE
1037_01,TRUE
1039_01,FALSE
1042_01,TRUE
1044_01,TRUE
1050_01,TRUE
1055_01,TRUE
1059_01,TRUE
1059_02,TRUE
1061_01,TRUE
1064_01,FALSE
1064_02,TRUE
1067_01,FALSE
1069_01,TRUE
1070_01,TRUE
1072_01,TRUE
1072_02,TRUE
1072_03,TRUE
1072_04,FALSE
1072_05,FALSE
1072_06,FALSE
1072_07,TRUE
1072_08,TRUE
1073_01,FALSE
1074_01,TRUE
1074_02,TRUE
1081_01,TRUE
1087_01,FALSE
1090_01,TRUE
1090_02,FALSE
1092_01,TRUE
1098_01,FALSE
1101_01,FALSE
1103_01,FALSE
1104_01,TRUE
1106_01,FALSE
1106_02,TRUE
1107_01,FALSE
1109_01,FALSE
1111_01,TRUE
1111_02,FALSE
1111_03,FALSE
1118_01,FALSE
1118_02,TRUE
1118_03,TRUE
1118_04,TRUE
1118_05,FALSE
1119_01,FALSE
1119_02,TRUE
1120_01,TRUE
1122_01,TRUE
1124_01,TRUE
1124_02,TRUE
1124_03,TRUE
1125_01,FALSE
1125_02,TRUE
1126_01,TRUE
1128_01,TRUE
1128_02,TRUE
1131_01,TRUE
1135_01,FALSE
1135_02,TRUE
1135_03,FALSE
1135_04,TRUE
1137_01,FALSE
1137_02,FALSE
1138_01,TRUE
1139_01,TRUE
1143_01,TRUE
1145_01,TRUE
1145_02,FALSE
1145_03,FALSE
1145_04,TRUE
1151_01,TRUE
1157_01,FALSE
1158_01,FALSE
1158_02,FALSE
1159_01,TRUE
1159_02,FALSE
1159_03,TRUE
1160_01,FALSE
1164_01,FALSE
1171_01,FALSE
1172_01,TRUE
1176_01,FALSE
1181_01,FALSE
1183_01,TRUE
1183_02,FALSE
1183_03,TRUE
1184_01,TRUE
1184_02,TRUE
1189_01,FALSE
1194_01,FALSE
1196_01,FALSE
1196_02,FALSE
1200_01,TRUE
1201_01,FALSE
1201_02,TRUE
1202_01,FALSE
1204_01,FALSE
1205_01,FALSE
1207_01,FALSE
1207_02,TRUE
1207_03,TRUE
1207_04,TRUE
1209_01,FALSE
1209_02,TRUE
1217_01,TRUE
1217_02,TRUE
1219_01,FALSE
1219_02,TRUE
1224_01,TRUE
1224_02,TRUE
1226_01,TRUE
1226_02,TRUE
1227_01,TRUE
1237_01,TRUE
1241_01,FALSE
1244_01,TRUE
1245_01,TRUE
1247_01,TRUE
1249_01,FALSE
1251_01,TRUE
1252_01,FALSE
1253_01,FALSE
1257_01,TRUE
1257_02,TRUE
1257_03,TRUE
1257_04,TRUE
1262_01,TRUE
1262_02,FALSE
1265_01,TRUE
1266_01,FALSE
1268_01,TRUE
1270_01,TRUE
1272_01,FALSE
1275_01,FALSE
1276_01,FALSE
1277_01,FALSE
1290_01,FALSE
1296_01,FALSE
1297_01,TRUE
1298_01,FALSE
1301_01,FALSE
1301_02,FALSE
1301_03,TRUE
1303_01,FALSE
1305_01,TRUE
1313_01,TRUE
1314_01,FALSE
1315_01,TRUE
1318_01,TRUE
1319_01,FALSE
1319_02,FALSE
1320_01,TRUE
1320_02,TRUE
1320_03,TRUE
1321_01,FALSE
1321_02,TRUE
1321_03,FALSE
1321_04,FALSE
1327_01,TRUE
1329_01,FALSE
1334_01,FALSE
1338_01,TRUE
1338_02,TRUE
1339_01,TRUE
1341_01,FALSE
1341_02,TRUE
1341_03,TRUE
1343_01,FALSE
1343_02,TRUE
1343_03,FALSE
1344_01,FALSE
1346_01,FALSE
1349_01,TRUE
1349_02,TRUE
1354_01,FALSE
1354_02,FALSE
1354_03,TRUE
1354_04,TRUE
1354_05,TRUE
1354_06,TRUE
1354_07,FALSE
1358_01,TRUE
1358_02,FALSE
1359_01,FALSE
1361_01,TRUE
1361_02,FALSE
1363_01,TRUE
1364_01,TRUE
1364_02,FALSE
1367_01,TRUE
1369_01,TRUE
1369_02,TRUE
1369_03,TRUE
1372_01,TRUE
1373_01,FALSE
1374_01,TRUE
1388_01,TRUE
1392_01,FALSE
1394_01,FALSE
1396_01,TRUE
1405_01,FALSE
1409_01,FALSE
1409_02,FALSE
1411_01,TRUE
1418_01,TRUE
1422_01,TRUE
1422_02,FALSE
1422_03,FALSE
1429_01,TRUE
1432_01,FALSE
1432_02,FALSE
1436_01,TRUE
1437_01,FALSE
1441_01,FALSE
1446_01,FALSE
1448_01,FALSE
1449_01,FALSE
1456_01,FALSE
1459_01,FALSE
1464_01,FALSE
1466_01,FALSE
1468_01,TRUE
1469_01,FALSE
1469_02,FALSE
1470_01,TRUE
1471_01,FALSE
1471_02,TRUE
1471_03,TRUE
1471_04,TRUE
1471_05,FALSE
1472_01,TRUE
1473_01,FALSE
1473_02,FALSE
1475_01,TRUE
1476_01,FALSE
1477_01,TRUE
1477_02,FALSE
1480_01,TRUE
1482_01,TRUE
1483_01,TRUE
1486_01,TRUE
1487_01,TRUE
1487_02,TRUE
1492_01,FALSE
1492_02,FALSE
1494_01,FALSE
1495_01,FALSE
1495_02,TRUE
1496_01,FALSE
1497_01,TRUE
1497_02,TRUE
1502_01,FALSE
1502_02,TRUE
1502_03,TRUE
1502_04,TRUE
1504_01,FALSE
1505_01,FALSE
1508_01,FALSE
1512_01,FALSE
1513_01,TRUE
1514_01,TRUE
1516_01,TRUE
1517_01,FALSE
1518_01,FALSE
1518_02,FALSE
1519_01,FALSE
1522_01,TRUE
1530_01,TRUE
1534_01,FALSE
1534_02,FALSE
1535_01,FALSE
1537_01,TRUE
1538_01,FALSE
1538_02,FALSE
1546_01,TRUE
1549_01,TRUE
1553_01,TRUE
1553_02,FALSE
1554_01,TRUE
1554_02,FALSE
1556_01,TRUE
1557_01,TRUE
1559_01,TRUE
1559_02,TRUE
1563_01,TRUE
1566_01,TRUE
1570_01,FALSE
1571_01,FALSE
1574_01,TRUE
1575_01,TRUE
1582_01,TRUE
1582_02,TRUE
1583_01,TRUE
1586_01,FALSE
1587_01,TRUE
1587_02,TRUE
1589_01,FALSE
1591_01,FALSE
1591_02,TRUE
1598_01,TRUE
1598_02,TRUE
1600_01,FALSE
1605_01,FALSE
1607_01,TRUE
1609_01,FALSE
1610_01,TRUE
1616_01,TRUE
1618_01,FALSE
1620_01,FALSE
1623_01,FALSE
1627_01,TRUE
1629_01,TRUE
1629_02,TRUE
1629_03,TRUE
1629_04,TRUE
1629_05,TRUE
1629_06,TRUE
1639_01,FALSE
1641_01,TRUE
1642_01,FALSE
1643_01,FALSE
1648_01,TRUE
1652_01,TRUE
1654_01,FALSE
1664_01,TRUE
1665_01,TRUE
1665_02,TRUE
1667_01,FALSE
1675_01,TRUE
1678_01,FALSE
1679_01,FALSE
1680_01,FALSE
1680_02,TRUE
1683_01,FALSE
1684_01,FALSE
1686_01,FALSE
1689_01,TRUE
1689_02,TRUE
1689_03,TRUE
1692_01,TRUE
1693_01,TRUE
1701_01,TRUE
1702_01,TRUE
1703_01,TRUE
1706_01,FALSE
1707_01,FALSE
1716_01,FALSE
1720_01,FALSE
1722_01,FALSE
1726_01,FALSE
1726_02,TRUE
1726_03,FALSE
1732_01,TRUE
1735_01,FALSE
1737_01,FALSE
1741_01,TRUE
1741_02,TRUE
1741_03,TRUE
1743_01,FALSE
1744_01,FALSE
1750_01,FALSE
1751_01,TRUE
1751_02,TRUE
1754_01,TRUE
1756_01,FALSE
1759_01,TRUE
1765_01,TRUE
1773_01,FALSE
1777_01,FALSE
1777_02,TRUE
1780_01,TRUE
1784_01,FALSE
1787_01,TRUE
1788_01,FALSE
1789_01,FALSE
1790_01,TRUE
1790_02,TRUE
1791_01,TRUE
1791_02,TRUE
1793_01,FALSE
1793_02,TRUE
1794_01,FALSE
1795_01,FALSE
1801_01,TRUE
1801_02,FALSE
1809_01,TRUE
1814_01,FALSE
1814_02,TRUE
1814_03,TRUE
1815_01,TRUE
1819_01,FALSE
1820_01,FALSE
1824_01,FALSE
1825_01,TRUE
1825_02,FALSE
1830_01,TRUE
1832_01,FALSE
1835_01,TRUE
1835_02,TRUE
1837_01,TRUE
1838_01,TRUE
1839_01,FALSE
1840_01,TRUE
1842_01,FALSE
1845_01,FALSE
1851_01,FALSE
1851_02,TRUE
1852_01,TRUE
1852_02,TRUE
1852_03,TRUE
1852_04,TRUE
1858_01,TRUE
1862_01,FALSE
1862_02,FALSE
1862_03,TRUE
1867_01,TRUE
1869_01,FALSE
1870_01,FALSE
1875_01,FALSE
1876_01,FALSE
1883_01,TRUE
1885_01,TRUE
1893_01,TRUE
1894_01,TRUE
1895_01,FALSE
1896_01,FALSE
1900_01,FALSE
1904_01,FALSE
1909_01,TRUE
1909_02,TRUE
1909_03,FALSE
1910_01,TRUE
1910_02,FALSE
1910_03,FALSE
1910_04,TRUE
1912_01,FALSE
1913_01,TRUE
1913_02,TRUE
1913_03,TRUE
1914_01,TRUE
1917_01,TRUE
1919_01,TRUE
1921_01,FALSE
1921_02,FALSE
1924_01,TRUE
1929_01,FALSE
1930_01,FALSE
1932_01,FALSE
1934_01,FALSE
1936_01,FALSE
1943_01,FALSE
1944_01,FALSE
1948_01,FALSE
1948_02,TRUE
1949_01,FALSE
1951_01,TRUE
1951_02,FALSE
1954_01,FALSE
1955_01,FALSE
1958_01,FALSE
1965_01,TRUE
1966_01,FALSE
1970_01,FALSE
1972_01,FALSE
1982_01,FALSE
1986_01,TRUE
1987_01,TRUE
1989_01,TRUE
1990_01,TRUE
1990_02,TRUE
1998_01,FALSE
2002_01,TRUE
2004_01,FALSE
2005_01,FALSE
2005_02,TRUE
2008_01,FALSE
2014_01,TRUE
2016_01,TRUE
2016_02,FALSE
2017_01,FALSE
2017_02,FALSE
2018_01,TRUE
2020_01,TRUE
2021_01,TRUE
2023_01,TRUE
2023_02,TRUE
2023_03,TRUE
2025_01,FALSE
2030_01,TRUE
2031_01,FALSE
2033_01,FALSE
2035_01,FALSE
2035_02,TRUE
2036_01,TRUE
2036_02,FALSE
2036_03,TRUE
2037_01,TRUE
2037_02,FALSE
2039_01,TRUE
2039_02,TRUE
2039_03,TRUE
2047_01,TRUE
2048_01,TRUE
2049_01,TRUE
2050_01,FALSE
2057_01,TRUE
2057_02,TRUE
2057_03,FALSE
2057_04,TRUE
2057_05,TRUE
2058_01,FALSE
2064_01,TRUE
2068_01,TRUE
2068_02,TRUE
2068_03,TRUE
2068_04,FALSE
2068_05,TRUE
2069_01,FALSE
2072_01,FALSE
2072_02,FALSE
2076_01,TRUE
2077_01,FALSE
2078_01,TRUE
2079_01,TRUE
2079_02,FALSE
2079_03,FALSE
2093_01,FALSE
2098_01,FALSE
2101_01,TRUE
2101_02,FALSE
2103_01,FALSE
2108_01,TRUE
2108_02,TRUE
2109_01,TRUE
2113_01,TRUE
2119_01,FALSE
2119_02,TRUE
2122_01,FALSE
2132_01,TRUE
2146_01,TRUE
2146_02,TRUE
2151_01,TRUE
2155_01,TRUE
2157_01,FALSE
2160_01,FALSE
2160_02,TRUE
2160_03,TRUE
2165_01,TRUE
2166_01,FALSE
2169_01,FALSE
2170_01,FALSE
2174_01,FALSE
2176_01,TRUE
2178_01,FALSE
2181_01,FALSE
2184_01,TRUE
2184_02,TRUE
2185_01,TRUE
2192_01,FALSE
2197_01,FALSE
2199_01,FALSE
2208_01,FALSE
2213_01,FALSE
2214_01,FALSE
2216_01,FALSE
2217_01,FALSE
2218_01,FALSE
2222_01,TRUE
2226_01,FALSE
2227_01,TRUE
2230_01,FALSE
2236_01,TRUE
2240_01,TRUE
2240_02,FALSE
2240_03,TRUE
2242_01,TRUE
2244_01,TRUE
2245_01,TRUE
2245_02,TRUE
2246_01,FALSE
2246_02,FALSE
2247_01,FALSE
2248_01,FALSE
2249_01,TRUE
2250_01,FALSE
2259_01,TRUE
2259_02,TRUE
2260_01,TRUE
2265_01,FALSE
2271_01,FALSE
2276_01,TRUE
2276_02,FALSE
2283_01,FALSE
2285_01,FALSE
2286_01,FALSE
2290_01,TRUE
2292_01,TRUE
2293_01,TRUE
2294_01,TRUE
2297_01,FALSE
2304_01,TRUE
2307_01,FALSE
2307_02,TRUE
2307_03,TRUE
2307_04,TRUE
2307_05,FALSE
2322_01,FALSE
2323_01,FALSE
2324_01,FALSE
2326_01,TRUE
2328_01,FALSE
2330_01,FALSE
2331_01,TRUE
2334_01,FALSE
2335_01,TRUE
2337_01,TRUE
2342_01,FALSE
2343_01,TRUE
2343_02,TRUE
2344_01,FALSE
2344_02,TRUE
2346_01,FALSE
2350_01,FALSE
2350_02,FALSE
2350_03,TRUE
2351_01,FALSE
2351_02,FALSE
2352_01,FALSE
2354_01,FALSE
2355_01,TRUE
2355_02,TRUE
2355_03,FALSE
2355_04,TRUE
2358_01,FALSE
2359_01,FALSE
2362_01,FALSE
2370_01,TRUE
2370_02,TRUE
2370_03,FALSE
2370_04,TRUE
2371_01,FALSE
2372_01,FALSE
2378_01,FALSE
2378_02,TRUE
2380_01,FALSE
2380_02,TRUE
2381_01,TRUE
2383_01,FALSE
2383_02,FALSE
2386_01,TRUE
2388_01,FALSE
2388_02,TRUE
2393_01,FALSE
2394_01,FALSE
2394_02,TRUE
2394_03,FALSE
2400_01,FALSE
2405_01,FALSE
2407_01,TRUE
2408_01,FALSE
2415_01,TRUE
2418_01,FALSE
2420_01,FALSE
2422_01,FALSE
2422_02,TRUE
2425_01,TRUE
2425_02,TRUE
2425_03,FALSE
2425_04,TRUE
2425_05,TRUE
2425_06,TRUE
2428_01,FALSE
2430_01,TRUE
2430_02,TRUE
2430_03,FALSE
2434_01,TRUE
2434_02,FALSE
2437_01,FALSE
2440_01,FALSE
2447_01,FALSE
2448_01,TRUE
2448_02,TRUE
2450_01,FALSE
2459_01,TRUE
2464_01,FALSE
2465_01,FALSE
2468_01,TRUE
2469_01,TRUE
2469_02,FALSE
2473_01,FALSE
2481_01,TRUE
2481_02,FALSE
2482_01,FALSE
2482_02,FALSE
2484_01,TRUE
2484_02,FALSE
2485_01,FALSE
2487_01,TRUE
2487_02,TRUE
2487_03,FALSE
2490_01,FALSE
2493_01,FALSE
2493_02,FALSE
2494_01,TRUE
2494_02,FALSE
2495_01,FALSE
2501_01,TRUE
2504_01,FALSE
2507_01,TRUE
2511_01,FALSE
2514_01,TRUE
2517_01,TRUE
2525_01,FALSE
2529_01,FALSE
2533_01,FALSE
2536_01,TRUE
2538_01,TRUE
2538_02,TRUE
2539_01,FALSE
2543_01,TRUE
2554_01,TRUE
2556_01,TRUE
2563_01,TRUE
2566_01,FALSE
2567_01,FALSE
2567_02,TRUE
2568_01,TRUE
2569_01,TRUE
2570_01,TRUE
2575_01,TRUE
2576_01,TRUE
2577_01,TRUE
2577_02,FALSE
2579_01,FALSE
2583_01,TRUE
2585_01,TRUE
2586_01,TRUE
2587_01,TRUE
2587_02,TRUE
2600_01,TRUE
2603_01,TRUE
2603_02,TRUE
2604_01,TRUE
2608_01,TRUE
2610_01,FALSE
2611_01,FALSE
2612_01,FALSE
2613_01,FALSE
2614_01,FALSE
2615_01,FALSE
2620_01,TRUE
2621_01,FALSE
2623_01,FALSE
2630_01,FALSE
2630_02,FALSE
2630_03,TRUE
2632_01,FALSE
2637_01,FALSE
2637_02,TRUE
2637_03,TRUE
2639_01,TRUE
2644_01,FALSE
2653_01,FALSE
2654_01,FALSE
2656_01,TRUE
2665_01,FALSE
2667_01,TRUE
2667_02,FALSE
2667_03,FALSE
2667_04,TRUE
2667_05,TRUE
2669_01,FALSE
2673_01,TRUE
2674_01,FALSE
2674_02,TRUE
2680_01,FALSE
2681_01,FALSE
2686_01,FALSE
2689_01,FALSE
2694_01,TRUE
2694_02,TRUE
2696_01,TRUE
2699_01,FALSE
2705_01,TRUE
2710_01,TRUE
2710_02,TRUE
2711_01,TRUE
2715_01,FALSE
2715_02,FALSE
2716_01,FALSE
2716_02,TRUE
2719_01,FALSE
2719_02,TRUE
2719_03,FALSE
2728_01,FALSE
2731_01,FALSE
2733_01,FALSE
2735_01,FALSE
2742_01,TRUE
2744_01,FALSE
2749_01,TRUE
2757_01,FALSE
2761_01,FALSE
2761_02,TRUE
2766_01,TRUE
2767_01,FALSE
2771_01,FALSE
2775_01,TRUE
2776_01,TRUE
2777_01,TRUE
2779_01,FALSE
2782_01,FALSE
2791_01,FALSE
2794_01,FALSE
2794_02,FALSE
2794_03,TRUE
2794_04,TRUE
2794_05,FALSE
2794_06,TRUE
2794_07,TRUE
2800_01,TRUE
2803_01,TRUE
2804_01,TRUE
2808_01,TRUE
2808_02,TRUE
2815_01,FALSE
2815_02,TRUE
2815_03,TRUE
2816_01,TRUE
2827_01,TRUE
2828_01,FALSE
2829_01,TRUE
2830_01,TRUE
2833_01,TRUE
2836_01,TRUE
2841_01,FALSE
2842_01,TRUE
2844_01,FALSE
2845_01,TRUE
2845_02,TRUE
2848_01,TRUE
2848_02,TRUE
2848_03,TRUE
2849_01,TRUE
2850_01,TRUE
2850_02,TRUE
2850_03,FALSE
2850_04,TRUE
2851_01,FALSE
2855_01,TRUE
2864_01,FALSE
2868_01,FALSE
2868_02,TRUE
2868_03,TRUE
2868_04,TRUE
2874_01,FALSE
2879_01,FALSE
2885_01,FALSE
2886_01,FALSE
2889_01,FALSE
2895_01,TRUE
2896_01,FALSE
2898_01,TRUE
2898_02,TRUE
2903_01,TRUE
2904_01,FALSE
2904_02,TRUE
2911_01,TRUE
2914_01,TRUE
2915_01,TRUE
2916_01,TRUE
2917_01,FALSE
2918_01,FALSE
2921_01,FALSE
2922_01,TRUE
2923_01,TRUE
2924_01,FALSE
2931_01,TRUE
2931_02,FALSE
2932_01,TRUE
2933_01,FALSE
2937_01,FALSE
2939_01,TRUE
2946_01,FALSE
2946_02,FALSE
2946_03,FALSE
2946_04,FALSE
2947_01,TRUE
2951_01,FALSE
2952_01,FALSE
2955_01,FALSE
2957_01,TRUE
2963_01,FALSE
2967_01,TRUE
2973_01,FALSE
2974_01,FALSE
2976_01,TRUE
2976_02,TRUE
2976_03,TRUE
2976_04,FALSE
2977_01,FALSE
2977_02,FALSE
2977_03,FALSE
2978_01,FALSE
2980_01,FALSE
2981_01,TRUE
2985_01,TRUE
2987_01,FALSE
2989_01,FALSE
2991_01,FALSE
2997_01,TRUE
2997_02,FALSE
2997_03,FALSE
2997_04,TRUE
2999_01,FALSE
3002_01,FALSE
3007_01,FALSE
3008_01,TRUE
3008_02,FALSE
3008_03,TRUE
3008_04,TRUE
3008_05,TRUE
3008_06,TRUE
3011_01,TRUE
3016_01,TRUE
3016_02,TRUE
3016_03,TRUE
3016_04,FALSE
3017_01,TRUE
3028_01,TRUE
3031_01,TRUE
3035_01,FALSE
3037_01,TRUE
3037_02,TRUE
3041_01,TRUE
3043_01,TRUE
3046_01,TRUE
3049_01,FALSE
3051_01,FALSE
3052_01,FALSE
3056_01,TRUE
3057_01,FALSE
3058_01,FALSE
3059_01,TRUE
3069_01,FALSE
3072_01,TRUE
3074_01,TRUE
3075_01,TRUE
3077_01,TRUE
3077_02,TRUE
3078_01,FALSE
3078_02,FALSE
3078_03,TRUE
3078_04,FALSE
3086_01,TRUE
3089_01,FALSE
3094_01,TRUE
3097_01,TRUE
3098_01,FALSE
3101_01,FALSE
3105_01,TRUE
3105_02,TRUE
3105_03,TRUE
3106_01,TRUE
3107_01,FALSE
3108_01,FALSE
3109_01,TRUE
3115_01,TRUE
3122_01,FALSE
3122_02,FALSE
3125_01,FALSE
3125_02,FALSE
3127_01,TRUE
3129_01,TRUE
3135_01,FALSE
3137_01,TRUE
3139_01,FALSE
3141_01,TRUE
3144_01,FALSE
3146_01,FALSE
3148_01,TRUE
3148_02,FALSE
3150_01,TRUE
3151_01,TRUE
3153_01,FALSE
3153_02,TRUE
3154_01,TRUE
3155_01,TRUE
3155_02,TRUE
3156_01,FALSE
3157_01,FALSE
3160_01,FALSE
3165_01,FALSE
3167_01,TRUE
3170_01,TRUE
3173_01,TRUE
3177_01,FALSE
3178_01,TRUE
3183_01,FALSE
3186_01,TRUE
3187_01,FALSE
3190_01,FALSE
3190_02,FALSE
3194_01,FALSE
3198_01,FALSE
3199_01,TRUE
3202_01,TRUE
3207_01,FALSE
3208_01,FALSE
3214_01,TRUE
3222_01,FALSE
3226_01,TRUE
3228_01,FALSE
3231_01,TRUE
3233_01,FALSE
3234_01,FALSE
3242_01,FALSE
3244_01,TRUE
3244_02,TRUE
3244_03,TRUE
3245_01,TRUE
3245_02,FALSE
3246_01,FALSE
3249_01,FALSE
3249_02,TRUE
3250_01,FALSE
3251_01,FALSE
3257_01,TRUE
3261_01,FALSE
3263_01,TRUE
3264_01,FALSE
3265_01,FALSE
3265_02,TRUE
3265_03,TRUE
3265_04,TRUE
3266_01,FALSE
3267_01,TRUE
3277_01,FALSE
3278_01,TRUE
3281_01,TRUE
3285_01,FALSE
3285_02,FALSE
3286_01,FALSE
3288_01,TRUE
3290_01,TRUE
3290_02,FALSE
3291_01,TRUE
3302_01,FALSE
3303_01,FALSE
3306_01,FALSE
3307_01,TRUE
3316_01,TRUE
3320_01,FALSE
3320_02,FALSE
3321_01,TRUE
3333_01,TRUE
3334_01,FALSE
3335_01,FALSE
3340_01,FALSE
3341_01,TRUE
3341_02,FALSE
3344_01,TRUE
3344_02,TRUE
3345_01,TRUE
3345_02,FALSE
3345_03,TRUE
3346_01,FALSE
3347_01,TRUE
3347_02,FALSE
3351_01,TRUE
3351_02,TRUE
3354_01,FALSE
3355_01,TRUE
3356_01,FALSE
3358_01,FALSE
3362_01,FALSE
3362_02,FALSE
3366_01,TRUE
3367_01,TRUE
3368_01,FALSE
3368_02,FALSE
3368_03,FALSE
3368_04,FALSE
3368_05,TRUE
3368_06,FALSE
3368_07,FALSE
3369_01,FALSE
3373_01,TRUE
3374_01,FALSE
3375_01,FALSE
3376_01,TRUE
3378_01,TRUE
3379_01,TRUE
3385_01,TRUE
3388_01,TRUE
3393_01,FALSE
3398_01,TRUE
3399_01,FALSE
3400_01,TRUE
3407_01,FALSE
3407_02,FALSE
3411_01,FALSE
3411_02,TRUE
3411_03,TRUE
3411_04,FALSE
3411_05,TRUE
3411_06,TRUE
3411_07,FALSE
3414_01,FALSE
3416_01,FALSE
3427_01,FALSE
3429_01,TRUE
3435_01,FALSE
3436_01,TRUE
3448_01,FALSE
3448_02,FALSE
3451_01,FALSE
3452_01,FALSE
3457_01,TRUE
3460_01,FALSE
3463_01,FALSE
3466_01,FALSE
3471_01,FALSE
3472_01,TRUE
3477_01,FALSE
3477_02,TRUE
3479_01,FALSE
3481_01,FALSE
3482_01,FALSE
3482_02,TRUE
3493_01,TRUE
3494_01,FALSE
3494_02,TRUE
3498_01,FALSE
3500_01,FALSE
3502_01,FALSE
3503_01,TRUE
3505_01,FALSE
3507_01,TRUE
3508_01,FALSE
3508_02,TRUE
3509_01,TRUE
3509_02,FALSE
3510_01,TRUE
3513_01,TRUE
3513_02,TRUE
3513_03,FALSE
3513_04,TRUE
3516_01,FALSE
3517_01,TRUE
3522_01,TRUE
3524_01,FALSE
3526_01,FALSE
3529_01,TRUE
3532_01,TRUE
3538_01,FALSE
3541_01,FALSE
3544_01,FALSE
3544_02,FALSE
3545_01,FALSE
3549_01,FALSE
3549_02,TRUE
3551_01,FALSE
3554_01,FALSE
3557_01,FALSE
3571_01,TRUE
3574_01,FALSE
3575_01,FALSE
3580_01,TRUE
3580_02,TRUE
3581_01,FALSE
3583_01,TRUE
3585_01,TRUE
3587_01,TRUE
3587_02,FALSE
3587_03,TRUE
3589_01,FALSE
3589_02,TRUE
3589_03,TRUE
3589_04,TRUE
3589_05,FALSE
3589_06,TRUE
3589_07,TRUE
3590_01,FALSE
3593_01,TRUE
3599_01,TRUE
3601_01,FALSE
3601_02,TRUE
3601_03,TRUE
3601_04,TRUE
3601_05,TRUE
3601_06,FALSE
3601_07,TRUE
3603_01,TRUE
3603_02,TRUE
3604_01,TRUE
3611_01,FALSE
3617_01,FALSE
3617_02,FALSE
3617_03,FALSE
3618_01,TRUE
3618_02,FALSE
3618_03,TRUE
3618_04,FALSE
3621_01,FALSE
3621_02,FALSE
3623_01,TRUE
3627_01,TRUE
3632_01,FALSE
3633_01,TRUE
3635_01,TRUE
3635_02,FALSE
3637_01,FALSE
3638_01,FALSE
3643_01,TRUE
3646_01,FALSE
3646_02,TRUE
3649_01,FALSE
3651_01,TRUE
3656_01,TRUE
3656_02,FALSE
3657_01,TRUE
3657_02,TRUE
3657_03,FALSE
3659_01,TRUE
3659_02,TRUE
3659_03,TRUE
3659_04,TRUE
3659_05,FALSE
3659_06,TRUE
3659_07,TRUE
3661_01,FALSE
3663_01,TRUE
3666_01,TRUE
3669_01,FALSE
3670_01,TRUE
3672_01,FALSE
3672_02,FALSE
3673_01,TRUE
3675_01,FALSE
3675_02,FALSE
3675_03,TRUE
3676_01,TRUE
3683_01,TRUE
3683_02,TRUE
3684_01,FALSE
3684_02,FALSE
3685_01,FALSE
3687_01,TRUE
3689_01,FALSE
3694_01,TRUE
3695_01,FALSE
3696_01,TRUE
3697_01,FALSE
3698_01,FALSE
3701_01,TRUE
3701_02,TRUE
3701_03,TRUE
3709_01,TRUE
3712_01,TRUE
3712_02,TRUE
3712_03,TRUE
3712_04,TRUE
3712_05,TRUE
3717_01,FALSE
3717_02,TRUE
3718_01,TRUE
3720_01,TRUE
3720_02,TRUE
3720_03,TRUE
3721_01,FALSE
3722_01,FALSE
3723_01,FALSE
3725_01,TRUE
3727_01,FALSE
3730_01,TRUE
3731_01,TRUE
3738_01,TRUE
3740_01,FALSE
3746_01,FALSE
3746_02,TRUE
3746_03,TRUE
3746_04,TRUE
3762_01,TRUE
3763_01,FALSE
3764_01,TRUE
3764_02,FALSE
3766_01,TRUE
3766_02,TRUE
3780_01,TRUE
3782_01,FALSE
3782_02,FALSE
3791_01,FALSE
3792_01,FALSE
3794_01,TRUE
3799_01,TRUE
3800_01,FALSE
3802_01,FALSE
3806_01,TRUE
3808_01,TRUE
3809_01,FALSE
3809_02,FALSE
3813_01,TRUE
3819_01,FALSE
3825_01,FALSE
3827_01,FALSE
3828_01,TRUE
3828_02,FALSE
3828_03,TRUE
3829_01,FALSE
3829_02,TRUE
3833_01,TRUE
3834_01,TRUE
3837_01,FALSE
3840_01,FALSE
3843_01,TRUE
3844_01,FALSE
3844_02,TRUE
3845_01,TRUE
3855_01,TRUE
3858_01,TRUE
3858_02,TRUE
3858_03,FALSE
3858_04,FALSE
3859_01,TRUE
3860_01,TRUE
3861_01,FALSE
3863_01,FALSE
3865_01,TRUE
3869_01,FALSE
3876_01,TRUE
3876_02,FALSE
3876_03,TRUE
3877_01,FALSE
3878_01,FALSE
3880_01,TRUE
3881_01,FALSE
3882_01,TRUE
3884_01,FALSE
3885_01,FALSE
3887_01,TRUE
3889_01,TRUE
3889_02,FALSE
3891_01,TRUE
3892_01,TRUE
3892_02,FALSE
3893_01,FALSE
3893_02,TRUE
3893_03,FALSE
3900_01,FALSE
3901_01,TRUE
3902_01,TRUE
3905_01,TRUE
3906_01,FALSE
3906_02,FALSE
3908_01,FALSE
3908_02,TRUE
3910_01,TRUE
3914_01,FALSE
3918_01,FALSE
3920_01,FALSE
3925_01,FALSE
3925_02,FALSE
3929_01,TRUE
3934_01,TRUE
3934_02,FALSE
3943_01,TRUE
3943_02,TRUE
3943_03,FALSE
3947_01,FALSE
3951_01,FALSE
3953_01,TRUE
3956_01,FALSE
3957_01,FALSE
3965_01,FALSE
3969_01,FALSE
3972_01,TRUE
3975_01,FALSE
3978_01,TRUE
3979_01,FALSE
3982_01,FALSE
3983_01,FALSE
3989_01,TRUE
3989_02,TRUE
3989_03,TRUE
3989_04,TRUE
3990_01,TRUE
3993_01,FALSE
4004_01,FALSE
4007_01,FALSE
4011_01,FALSE
4012_01,TRUE
4012_02,TRUE
4015_01,TRUE
4015_02,FALSE
4024_01,TRUE
4025_01,TRUE
4028_01,TRUE
4029_01,TRUE
4041_01,TRUE
4048_01,TRUE
4048_02,TRUE
4048_03,TRUE
4051_01,TRUE
4052_01,TRUE
4054_01,TRUE
4054_02,TRUE
4054_03,FALSE
4056_01,FALSE
4057_01,FALSE
4059_01,TRUE
4059_02,FALSE
4062_01,FALSE
4067_01,FALSE
4070_01,TRUE
4070_02,TRUE
4070_03,TRUE
4073_01,FALSE
4073_02,TRUE
4074_01,FALSE
4077_01,FALSE
4085_01,TRUE
4086_01,FALSE
4086_02,TRUE
4086_03,TRUE
4087_01,TRUE
4088_01,TRUE
4092_01,TRUE
4094_01,FALSE
4094_02,FALSE
4100_01,TRUE
4105_01,FALSE
4111_01,TRUE
4117_01,FALSE
4118_01,FALSE
4119_01,FALSE
4121_01,FALSE
4122_01,TRUE
4123_01,FALSE
4124_01,TRUE
4126_01,FALSE
4133_01,TRUE
4133_02,TRUE
4136_01,TRUE
4136_02,FALSE
4138_01,FALSE
4139_01,FALSE
4146_01,FALSE
4148_01,FALSE
4153_01,FALSE
4155_01,TRUE
4157_01,FALSE
4161_01,TRUE
4162_01,TRUE
4164_01,TRUE
4180_01,TRUE
4180_02,FALSE
4187_01,FALSE
4190_01,TRUE
4192_01,TRUE
4193_01,TRUE
4195_01,FALSE
4198_01,TRUE
4200_01,FALSE
4201_01,FALSE
4202_01,TRUE
4202_02,FALSE
4209_01,FALSE
4217_01,FALSE
4224_01,FALSE
4224_02,FALSE
4226_01,TRUE
4226_02,FALSE
4227_01,TRUE
4228_01,FALSE
4234_01,FALSE
4234_02,FALSE
4235_01,FALSE
4235_02,TRUE
4236_01,FALSE
4236_02,TRUE
4241_01,FALSE
4247_01,TRUE
4247_02,FALSE
4248_01,FALSE
4248_02,FALSE
4250_01,TRUE
4263_01,TRUE
4263_02,TRUE
4263_03,TRUE
4265_01,TRUE
4268_01,TRUE
4268_02,TRUE
4269_01,TRUE
4275_01,FALSE
4276_01,FALSE
4277_01,FALSE
4279_01,FALSE
4281_01,FALSE
4282_01,TRUE
4283_01,TRUE
4284_01,TRUE
4284_02,FALSE
4285_01,TRUE
4286_01,TRUE
4286_02,FALSE
4286_03,TRUE
4287_01,TRUE
4288_01,TRUE
4288_02,FALSE
4290_01,FALSE
4298_01,FALSE
4298_02,TRUE
4298_03,TRUE
4299_01,FALSE
4304_01,FALSE
4307_01,TRUE
4308_01,TRUE
4310_01,FALSE
4313_01,FALSE
4314_01,TRUE
4321_01,TRUE
4322_01,TRUE
4323_01,TRUE
4323_02,TRUE
4323_03,TRUE
4323_04,TRUE
4325_01,TRUE
4326_01,FALSE
4328_01,TRUE
4331_01,TRUE
4341_01,TRUE
4341_02,TRUE
4342_01,FALSE
4353_01,FALSE
4355_01,TRUE
4363_01,TRUE
4374_01,FALSE
4375_01,TRUE
4377_01,TRUE
4377_02,FALSE
4377_03,TRUE
4378_01,FALSE
4378_02,FALSE
4379_01,TRUE
4380_01,FALSE
4381_01,TRUE
4381_02,FALSE
4384_01,FALSE
4385_01,FALSE
4385_02,TRUE
4385_03,TRUE
4389_01,FALSE
4394_01,FALSE
4398_01,FALSE
4406_01,FALSE
4412_01,FALSE
4414_01,TRUE
4417_01,TRUE
4418_01,FALSE
4419_01,FALSE
4419_02,FALSE
4420_01,FALSE
4420_02,FALSE
4421_01,TRUE
4423_01,FALSE
4425_01,TRUE
4425_02,FALSE
4434_01,FALSE
4435_01,TRUE
4435_02,TRUE
4439_01,TRUE
4439_02,TRUE
4442_01,TRUE
4443_01,FALSE
4443_02,TRUE
4454_01,TRUE
4455_01,FALSE
4455_02,FALSE
4455_03,TRUE
4458_01,TRUE
4460_01,TRUE
4468_01,TRUE
4471_01,FALSE
4478_01,FALSE
4480_01,TRUE
4481_01,FALSE
4484_01,FALSE
4488_01,FALSE
4489_01,FALSE
4495_01,FALSE
4499_01,TRUE
4503_01,FALSE
4504_01,TRUE
4507_01,FALSE
4513_01,TRUE
4519_01,TRUE
4520_01,FALSE
4523_01,TRUE
4523_02,TRUE
4523_03,FALSE
4523_04,TRUE
4523_05,TRUE
4523_06,TRUE
4525_01,FALSE
4526_01,FALSE
4527_01,FALSE
4528_01,TRUE
4536_01,FALSE
4540_01,TRUE
4541_01,FALSE
4545_01,FALSE
4548_01,TRUE
4551_01,TRUE
4551_02,TRUE
4551_03,TRUE
4551_04,TRUE
4554_01,FALSE
4556_01,FALSE
4566_01,FALSE
4578_01,FALSE
4579_01,TRUE
4582_01,TRUE
4582_02,FALSE
4582_03,FALSE
4582_04,TRUE
4582_05,TRUE
4582_06,TRUE
4582_07,FALSE
4583_01,TRUE
4583_02,TRUE
4583_03,FALSE
4584_01,FALSE
4588_01,FALSE
4589_01,TRUE
4590_01,FALSE
4598_01,FALSE
4599_01,TRUE
4600_01,TRUE
4600_02,TRUE
4601_01,FALSE
4614_01,FALSE
4614_02,FALSE
4616_01,FALSE
4618_01,FALSE
4619_01,TRUE
4626_01,TRUE
4626_02,FALSE
4627_01,FALSE
4629_01,FALSE
4636_01,TRUE
4639_01,TRUE
4639_02,TRUE
4639_03,FALSE
4639_04,FALSE
4639_05,TRUE
4639_06,TRUE
4647_01,TRUE
4660_01,TRUE
4666_01,FALSE
4669_01,TRUE
4670_01,FALSE
4671_01,TRUE
4671_02,TRUE
4671_03,FALSE
4671_04,TRUE
4674_01,FALSE
4675_01,TRUE
4675_02,FALSE
4681_01,FALSE
4682_01,TRUE
4683_01,TRUE
4683_02,TRUE
4685_01,TRUE
4687_01,FALSE
4688_01,FALSE
4692_01,FALSE
4697_01,TRUE
4698_01,TRUE
4700_01,TRUE
4701_01,TRUE
4701_02,TRUE
4701_03,TRUE
4701_04,TRUE
4702_01,TRUE
4702_02,FALSE
4703_01,TRUE
4703_02,TRUE
4705_01,TRUE
4705_02,FALSE
4707_01,FALSE
4707_02,FALSE
4715_01,FALSE
4716_01,FALSE
4718_01,TRUE
4722_01,FALSE
4724_01,TRUE
4727_01,FALSE
4727_02,FALSE
4729_01,FALSE
4731_01,TRUE
4734_01,FALSE
4735_01,FALSE
4736_01,TRUE
4737_01,FALSE
4740_01,TRUE
4742_01,FALSE
4745_01,TRUE
4747_01,TRUE
4747_02,FALSE
4749_01,FALSE
4751_01,FALSE
4760_01,TRUE
4761_01,TRUE
4761_02,TRUE
4761_03,FALSE
4765_01,TRUE
4766_01,TRUE
4767_01,TRUE
4768_01,FALSE
4768_02,TRUE
4771_01,TRUE
4776_01,TRUE
4776_02,FALSE
4776_03,TRUE
4776_04,TRUE
4779_01,FALSE
4781_01,FALSE
4789_01,TRUE
4799_01,FALSE
4799_02,FALSE
4799_03,FALSE
4800_01,FALSE
4802_01,TRUE
4802_02,FALSE
4805_01,TRUE
4806_01,TRUE
4809_01,FALSE
4811_01,TRUE
4812_01,TRUE
4816_01,FALSE
4820_01,TRUE
4820_02,FALSE
4821_01,FALSE
4824_01,TRUE
4825_01,TRUE
4826_01,TRUE
4833_01,FALSE
4833_02,FALSE
4834_01,TRUE
4835_01,FALSE
4839_01,FALSE
4843_01,FALSE
4843_02,FALSE
4844_01,FALSE
4849_01,TRUE
4852_01,TRUE
4854_01,TRUE
4855_01,TRUE
4855_02,TRUE
4858_01,FALSE
4859_01,TRUE
4860_01,FALSE
4861_01,FALSE
4865_01,FALSE
4867_01,FALSE
4869_01,FALSE
4872_01,FALSE
4877_01,FALSE
4894_01,TRUE
4905_01,TRUE
4906_01,FALSE
4907_01,TRUE
4908_01,FALSE
4914_01,FALSE
4919_01,FALSE
4921_01,FALSE
4922_01,TRUE
4926_01,FALSE
4928_01,TRUE
4931_01,TRUE
4935_01,FALSE
4935_02,TRUE
4935_03,FALSE
4936_01,FALSE
4947_01,FALSE
4948_01,FALSE
4949_01,TRUE
4949_02,FALSE
4953_01,TRUE
4955_01,FALSE
4957_01,TRUE
4959_01,TRUE
4960_01,FALSE
4962_01,TRUE
4966_01,TRUE
4966_02,TRUE
4967_01,FALSE
4968_01,TRUE
4969_01,FALSE
4969_02,FALSE
4971_01,TRUE
4976_01,TRUE
4982_01,TRUE
4984_01,TRUE
4984_02,FALSE
4985_01,TRUE
4986_01,FALSE
4988_01,TRUE
4993_01,TRUE
4994_01,FALSE
5001_01,FALSE
5002_01,TRUE
5011_01,TRUE
5022_01,FALSE
5024_01,TRUE
5024_02,FALSE
5024_03,TRUE
5024_04,FALSE
5024_05,TRUE
5026_01,FALSE
5029_01,TRUE
5029_02,TRUE
5030_01,FALSE
5031_01,FALSE
5031_02,FALSE
5033_01,FALSE
5033_02,FALSE
5037_01,FALSE
5038_01,FALSE
5038_02,TRUE
5041_01,FALSE
5043_01,TRUE
5043_02,TRUE
5043_03,FALSE
5045_01,TRUE
5046_01,TRUE
5047_01,TRUE
5049_01,FALSE
5053_01,TRUE
5054_01,FALSE
5055_01,TRUE
5056_01,TRUE
5056_02,TRUE
5066_01,TRUE
5071_01,TRUE
5075_01,TRUE
5077_01,FALSE
5078_01,FALSE
5079_01,TRUE
5081_01,TRUE
5082_01,FALSE
5086_01,TRUE
5086_02,FALSE
5092_01,FALSE
5094_01,TRUE
5094_02,FALSE
5096_01,FALSE
5096_02,FALSE
5098_01,FALSE
5098_02,TRUE
5098_03,TRUE
5099_01,FALSE
5100_01,TRUE
5101_01,TRUE
5102_01,FALSE
5107_01,FALSE
5110_01,TRUE
5113_01,FALSE
5114_01,TRUE
5117_01,FALSE
5118_01,TRUE
5119_01,FALSE
5121_01,FALSE
5123_01,FALSE
5131_01,FALSE
5131_02,TRUE
5134_01,FALSE
5135_01,FALSE
5139_01,FALSE
5141_01,TRUE
5143_01,TRUE
5147_01,TRUE
5149_01,FALSE
5149_02,TRUE
5150_01,TRUE
5153_01,TRUE
5155_01,FALSE
5159_01,TRUE
5159_02,FALSE
5164_01,TRUE
5164_02,TRUE
5168_01,FALSE
5169_01,FALSE
5172_01,FALSE
5178_01,FALSE
5183_01,TRUE
5189_01,TRUE
5191_01,FALSE
5195_01,FALSE
5200_01,FALSE
5203_01,TRUE
5203_02,TRUE
5212_01,FALSE
5215_01,FALSE
5219_01,TRUE
5219_02,FALSE
5222_01,FALSE
5228_01,FALSE
5228_02,TRUE
5231_01,FALSE
5232_01,FALSE
5232_02,FALSE
5233_01,TRUE
5237_01,TRUE
5241_01,FALSE
5241_02,TRUE
5245_01,TRUE
5259_01,FALSE
5261_01,FALSE
5263_01,FALSE
5267_01,TRUE
5267_02,TRUE
5267_03,TRUE
5270_01,TRUE
5283_01,FALSE
5284_01,TRUE
5285_01,TRUE
5286_01,FALSE
5289_01,TRUE
5293_01,FALSE
5293_02,FALSE
5294_01,FALSE
5295_01,FALSE
5296_01,FALSE
5302_01,TRUE
5306_01,FALSE
5306_02,TRUE
5308_01,TRUE
5308_02,TRUE
5308_03,FALSE
5309_01,TRUE
5311_01,TRUE
5317_01,FALSE
5317_02,TRUE
5318_01,TRUE
5318_02,TRUE
5319_01,FALSE
5321_01,FALSE
5324_01,TRUE
5328_01,TRUE
5329_01,FALSE
5329_02,TRUE
5329_03,TRUE
5329_04,FALSE
5329_05,TRUE
5329_06,FALSE
5329_07,TRUE
5332_01,TRUE
5335_01,TRUE
5335_02,TRUE
5335_03,FALSE
5335_04,TRUE
5336_01,TRUE
5338_01,TRUE
5339_01,TRUE
5339_02,TRUE
5339_03,TRUE
5342_01,FALSE
5349_01,TRUE
5352_01,TRUE
5357_01,TRUE
5357_02,TRUE
5357_03,FALSE
5357_04,FALSE
5358_01,TRUE
5364_01,TRUE
5369_01,FALSE
5369_02,FALSE
5369_03,TRUE
5370_01,TRUE
5371_01,TRUE
5371_02,FALSE
5371_03,TRUE
5371_04,TRUE
5373_01,FALSE
5376_01,TRUE
5376_02,TRUE
5377_01,TRUE
5381_01,FALSE
5382_01,TRUE
5382_02,TRUE
5386_01,TRUE
5391_01,FALSE
5393_01,FALSE
5398_01,TRUE
5399_01,FALSE
5400_01,FALSE
5403_01,FALSE
5405_01,FALSE
5407_01,FALSE
5409_01,FALSE
5417_01,FALSE
5419_01,FALSE
5426_01,TRUE
5428_01,FALSE
5428_02,TRUE
5429_01,FALSE
5432_01,TRUE
5433_01,TRUE
5439_01,FALSE
5442_01,FALSE
5444_01,FALSE
5448_01,FALSE
5449_01,FALSE
5456_01,FALSE
5460_01,FALSE
5461_01,FALSE
5464_01,FALSE
5473_01,TRUE
5473_02,FALSE
5481_01,TRUE
5482_01,FALSE
5482_02,FALSE
5486_01,TRUE
5493_01,TRUE
5495_01,TRUE
5498_01,TRUE
5498_02,TRUE
5502_01,TRUE
5503_01,FALSE
5505_01,FALSE
5505_02,TRUE
5505_03,TRUE
5513_01,TRUE
5513_02,TRUE
5513_03,FALSE
5513_04,TRUE
5516_01,FALSE
5518_01,FALSE
5519_01,FALSE
5525_01,FALSE
5532_01,TRUE
5533_01,FALSE
5534_01,TRUE
5542_01,FALSE
5547_01,TRUE
5548_01,TRUE
5549_01,TRUE
5553_01,TRUE
5553_02,FALSE
5554_01,TRUE
5558_01,FALSE
5562_01,TRUE
5562_02,TRUE
5564_01,FALSE
5565_01,FALSE
5567_01,FALSE
5570_01,TRUE
5576_01,FALSE
5577_01,FALSE
5577_02,FALSE
5577_03,TRUE
5577_04,TRUE
5577_05,TRUE
5579_01,TRUE
5584_01,TRUE
5584_02,FALSE
5588_01,FALSE
5588_02,TRUE
5588_03,TRUE
5588_04,TRUE
5588_05,TRUE
5590_01,FALSE
5593_01,FALSE
5597_01,TRUE
5600_01,TRUE
5604_01,FALSE
5605_01,FALSE
5607_01,FALSE
5612_01,TRUE
5617_01,FALSE
5620_01,FALSE
5620_02,FALSE
5621_01,FALSE
5624_01,TRUE
5630_01,FALSE
5632_01,TRUE
5633_01,FALSE
5634_01,TRUE
5635_01,FALSE
5636_01,FALSE
5638_01,TRUE
5641_01,TRUE
5649_01,TRUE
5654_01,FALSE
5656_01,FALSE
5657_01,FALSE
5658_01,FALSE
5660_01,FALSE
5664_01,TRUE
5664_02,TRUE
5664_03,TRUE
5664_04,FALSE
5665_01,FALSE
5666_01,FALSE
5668_01,TRUE
5669_01,TRUE
5670_01,TRUE
5672_01,TRUE
5675_01,TRUE
5676_01,FALSE
5678_01,TRUE
5678_02,FALSE
5682_01,TRUE
5683_01,FALSE
5690_01,FALSE
5691_01,TRUE
5694_01,TRUE
5697_01,FALSE
5699_01,FALSE
5703_01,FALSE
5708_01,TRUE
5715_01,TRUE
5715_02,TRUE
5720_01,TRUE
5720_02,FALSE
5731_01,FALSE
5731_02,TRUE
5734_01,TRUE
5734_02,FALSE
5741_01,FALSE
5743_01,FALSE
5745_01,TRUE
5749_01,FALSE
5752_01,FALSE
5753_01,FALSE
5754_01,FALSE
5759_01,TRUE
5760_01,FALSE
5762_01,FALSE
5766_01,TRUE
5770_01,TRUE
5774_01,FALSE
5775_01,TRUE
5782_01,FALSE
5782_02,FALSE
5782_03,TRUE
5782_04,FALSE
5784_01,TRUE
5787_01,FALSE
5787_02,TRUE
5787_03,TRUE
5789_01,TRUE
5789_02,TRUE
5797_01,TRUE
5798_01,FALSE
5801_01,FALSE
5803_01,TRUE
5805_01,FALSE
5807_01,FALSE
5815_01,FALSE
5815_02,FALSE
5815_03,FALSE
5815_04,FALSE
5830_01,FALSE
5832_01,FALSE
5833_01,FALSE
5838_01,TRUE
5841_01,TRUE
5841_02,TRUE
5841_03,TRUE
5845_01,TRUE
5850_01,TRUE
5851_01,FALSE
5851_02,TRUE
5853_01,FALSE
5862_01,FALSE
5864_01,FALSE
5865_01,FALSE
5866_01,TRUE
5870_01,TRUE
5872_01,TRUE
5873_01,FALSE
5873_02,TRUE
5873_03,FALSE
5881_01,TRUE
5883_01,TRUE
5884_01,FALSE
5892_01,FALSE
5893_01,FALSE
5893_02,TRUE
5895_01,FALSE
5896_01,TRUE
5899_01,FALSE
5904_01,TRUE
5904_02,FALSE
5910_01,FALSE
5911_01,TRUE
5911_02,FALSE
5911_03,FALSE
5911_04,FALSE
5911_05,TRUE
5911_06,TRUE
5914_01,TRUE
5917_01,TRUE
5918_01,TRUE
5926_01,TRUE
5929_01,TRUE
5932_01,FALSE
5935_01,FALSE
5936_01,TRUE
5936_02,TRUE
5936_03,FALSE
5936_04,TRUE
5936_05,FALSE
5937_01,TRUE
5940_01,FALSE
5942_01,TRUE
5942_02,TRUE
5943_01,FALSE
5948_01,FALSE
5958_01,FALSE
5961_01,TRUE
5961_02,TRUE
5962_01,TRUE
5964_01,TRUE
5964_02,TRUE
5966_01,TRUE
5966_02,TRUE
5978_01,FALSE
5978_02,FALSE
5979_01,TRUE
5982_01,FALSE
5996_01,TRUE
5997_01,FALSE
5997_02,TRUE
6002_01,TRUE
6005_01,TRUE
6005_02,TRUE
6005_03,TRUE
6005_04,FALSE
6005_05,FALSE
6009_01,FALSE
6009_02,FALSE
6012_01,FALSE
6013_01,TRUE
6018_01,FALSE
6021_01,TRUE
6023_01,FALSE
6037_01,TRUE
6044_01,FALSE
6044_02,FALSE
6046_01,FALSE
6050_01,TRUE
6051_01,FALSE
6051_02,FALSE
6053_01,FALSE
6056_01,FALSE
6057_01,TRUE
6060_01,FALSE
6063_01,TRUE
6072_01,FALSE
6074_01,TRUE
6074_02,TRUE
6074_03,TRUE
6078_01,TRUE
6079_01,TRUE
6081_01,TRUE
6081_02,FALSE
6081_03,TRUE
6081_04,TRUE
6083_01,FALSE
6084_01,TRUE
6088_01,TRUE
6089_01,TRUE
6093_01,TRUE
6097_01,FALSE
6100_01,FALSE
6104_01,TRUE
6113_01,FALSE
6114_01,FALSE
6119_01,TRUE
6119_02,TRUE
6119_03,TRUE
6125_01,FALSE
6129_01,FALSE
6131_01,FALSE
6134_01,FALSE
6140_01,FALSE
6142_01,FALSE
6142_02,TRUE
6144_01,TRUE
6147_01,FALSE
6151_01,FALSE
6151_02,TRUE
6154_01,TRUE
6159_01,FALSE
6160_01,FALSE
6160_02,TRUE
6161_01,TRUE
6164_01,TRUE
6165_01,TRUE
6177_01,FALSE
6183_01,FALSE
6185_01,FALSE
6187_01,TRUE
6188_01,TRUE
6190_01,TRUE
6193_01,TRUE
6193_02,TRUE
6193_03,FALSE
6193_04,FALSE
6195_01,FALSE
6196_01,TRUE
6197_01,TRUE
6198_01,FALSE
6202_01,FALSE
6203_01,FALSE
6204_01,TRUE
6209_01,FALSE
6209_02,TRUE
6210_01,TRUE
6212_01,TRUE
6214_01,TRUE
6217_01,TRUE
6217_02,FALSE
6221_01,TRUE
6226_01,FALSE
6231_01,TRUE
6231_02,TRUE
6231_03,FALSE
6233_01,TRUE
6233_02,FALSE
6233_03,TRUE
6235_01,TRUE
6240_01,TRUE
6242_01,TRUE
6244_01,FALSE
6244_02,TRUE
6247_01,FALSE
6255_01,TRUE
6257_01,TRUE
6257_02,FALSE
6257_03,TRUE
6258_01,TRUE
6259_01,FALSE
6260_01,FALSE
6260_02,FALSE
6261_01,FALSE
6261_02,TRUE
6267_01,FALSE
6267_02,TRUE
6267_03,TRUE
6267_04,TRUE
6267_05,TRUE
6267_06,TRUE
6269_01,TRUE
6269_02,FALSE
6269_03,TRUE
6272_01,FALSE
6272_02,TRUE
6275_01,FALSE
6278_01,TRUE
6278_02,TRUE
6284_01,TRUE
6286_01,FALSE
6286_02,FALSE
6287_01,FALSE
6287_02,FALSE
6288_01,TRUE
6288_02,FALSE
6288_03,TRUE
6288_04,TRUE
6291_01,FALSE
6294_01,TRUE
6295_01,TRUE
6295_02,FALSE
6298_01,TRUE
6303_01,FALSE
6306_01,TRUE
6307_01,FALSE
6310_01,FALSE
6311_01,TRUE
6312_01,TRUE
6312_02,FALSE
6314_01,FALSE
6329_01,FALSE
6332_01,TRUE
6332_02,TRUE
6332_03,TRUE
6332_04,FALSE
6332_05,FALSE
6332_06,TRUE
6332_07,TRUE
6332_08,FALSE
6333_01,FALSE
6336_01,FALSE
6337_01,TRUE
6342_01,TRUE
6342_02,FALSE
6345_01,TRUE
6345_02,TRUE
6350_01,FALSE
6352_01,TRUE
6352_02,TRUE
6358_01,TRUE
6358_02,TRUE
6359_01,FALSE
6362_01,TRUE
6364_01,TRUE
6375_01,FALSE
6377_01,TRUE
6379_01,FALSE
6382_01,FALSE
6383_01,TRUE
6383_02,TRUE
6383_03,TRUE
6384_01,FALSE
6386_01,TRUE
6387_01,FALSE
6389_01,FALSE
6391_01,TRUE
6391_02,TRUE
6392_01,TRUE
6393_01,TRUE
6395_01,TRUE
6401_01,TRUE
6401_02,FALSE
6403_01,FALSE
6410_01,FALSE
6410_02,FALSE
6417_01,TRUE
6420_01,FALSE
6423_01,FALSE
6425_01,FALSE
6425_02,TRUE
6426_01,FALSE
6427_01,TRUE
6429_01,TRUE
6435_01,FALSE
6438_01,FALSE
6440_01,TRUE
6441_01,FALSE
6445_01,FALSE
6460_01,FALSE
6465_01,TRUE
6466_01,FALSE
6467_01,FALSE
6469_01,TRUE
6474_01,FALSE
6476_01,FALSE
6479_01,TRUE
6479_02,TRUE
6483_01,TRUE
6484_01,FALSE
6486_01,TRUE
6491_01,FALSE
6491_02,FALSE
6491_03,TRUE
6495_01,FALSE
6496_01,TRUE
6496_02,TRUE
6497_01,TRUE
6498_01,TRUE
6499_01,FALSE
6499_02,FALSE
6499_03,TRUE
6499_04,TRUE
6499_05,FALSE
6499_06,TRUE
6499_07,TRUE
6499_08,TRUE
6504_01,TRUE
6504_02,TRUE
6505_01,FALSE
6506_01,FALSE
6506_02,FALSE
6507_01,TRUE
6515_01,TRUE
6516_01,TRUE
6516_02,TRUE
6518_01,TRUE
6519_01,FALSE
6521_01,FALSE
6524_01,FALSE
6527_01,TRUE
6528_01,TRUE
6532_01,FALSE
6533_01,TRUE
6533_02,FALSE
6534_01,FALSE
6536_01,FALSE
6537_01,FALSE
6538_01,FALSE
6542_01,FALSE
6543_01,TRUE
6550_01,FALSE
6551_01,FALSE
6554_01,FALSE
6555_01,TRUE
6559_01,TRUE
6559_02,FALSE
6559_03,TRUE
6564_01,TRUE
6564_02,TRUE
6566_01,FALSE
6571_01,FALSE
6575_01,TRUE
6576_01,TRUE
6577_01,FALSE
6577_02,FALSE
6577_03,TRUE
6579_01,TRUE
6581_01,FALSE
6584_01,TRUE
6586_01,FALSE
6587_01,TRUE
6589_01,TRUE
6596_01,TRUE
6596_02,FALSE
6597_01,FALSE
6600_01,TRUE
6600_02,FALSE
6605_01,TRUE
6605_02,TRUE
6607_01,TRUE
6610_01,TRUE
6612_01,FALSE
6612_02,FALSE
6612_03,FALSE
6612_04,TRUE
6612_05,TRUE
6612_06,TRUE
6615_01,TRUE
6617_01,TRUE
6617_02,TRUE
6617_03,TRUE
6619_01,FALSE
6627_01,TRUE
6629_01,TRUE
6632_01,FALSE
6636_01,TRUE
6640_01,TRUE
6644_01,FALSE
6648_01,TRUE
6651_01,FALSE
6653_01,TRUE
6657_01,TRUE
6658_01,TRUE
6658_02,TRUE
6658_03,FALSE
6661_01,TRUE
6666_01,FALSE
6677_01,TRUE
6678_01,FALSE
6678_02,TRUE
6679_01,FALSE
6682_01,TRUE
6682_02,TRUE
6685_01,FALSE
6686_01,FALSE
6687_01,FALSE
6688_01,TRUE
6689_01,FALSE
6689_02,TRUE
6690_01,TRUE
6695_01,FALSE
6696_01,TRUE
6700_01,TRUE
6700_02,FALSE
6701_01,TRUE
6703_01,FALSE
6704_01,FALSE
6705_01,FALSE
6710_01,TRUE
6712_01,FALSE
6714_01,FALSE
6715_01,FALSE
6716_01,FALSE
6717_01,TRUE
6723_01,TRUE
6728_01,TRUE
6732_01,TRUE
6733_01,TRUE
6735_01,FALSE
6737_01,FALSE
6738_01,FALSE
6738_02,TRUE
6740_01,FALSE
6743_01,TRUE
6752_01,FALSE
6752_02,FALSE
6752_03,FALSE
6755_01,FALSE
6759_01,TRUE
6767_01,FALSE
6767_02,FALSE
6768_01,FALSE
6769_01,TRUE
6770_01,TRUE
6770_02,TRUE
6770_03,TRUE
6771_01,FALSE
6772_01,TRUE
6772_02,FALSE
6777_01,TRUE
6781_01,TRUE
6783_01,TRUE
6785_01,TRUE
6790_01,FALSE
6791_01,TRUE
6793_01,TRUE
6793_02,TRUE
6795_01,FALSE
6797_01,FALSE
6803_01,FALSE
6804_01,FALSE
6807_01,TRUE
6807_02,TRUE
6809_01,FALSE
6811_01,TRUE
6812_01,FALSE
6812_02,FALSE
6815_01,FALSE
6819_01,FALSE
6819_02,TRUE
6819_03,TRUE
6823_01,TRUE
6828_01,TRUE
6830_01,TRUE
6835_01,FALSE
6835_02,FALSE
6836_01,FALSE
6838_01,TRUE
6838_02,FALSE
6838_03,FALSE
6842_01,FALSE
6845_01,TRUE
6846_01,FALSE
6847_01,FALSE
6849_01,FALSE
6852_01,FALSE
6852_02,FALSE
6855_01,FALSE
6856_01,FALSE
6860_01,FALSE
6867_01,FALSE
6870_01,FALSE
6872_01,TRUE
6874_01,TRUE
6875_01,TRUE
6875_02,FALSE
6875_03,TRUE
6876_01,TRUE
6876_02,TRUE
6876_03,TRUE
6877_01,FALSE
6878_01,TRUE
6881_01,FALSE
6884_01,TRUE
6886_01,TRUE
6888_01,TRUE
6888_02,TRUE
6888_03,TRUE
6888_04,FALSE
6890_01,FALSE
6897_01,FALSE
6904_01,TRUE
6904_02,TRUE
6904_03,TRUE
6909_01,TRUE
6914_01,TRUE
6916_01,TRUE
6919_01,TRUE
6922_01,TRUE
6923_01,TRUE
6927_01,FALSE
6933_01,TRUE
6933_02,TRUE
6935_01,FALSE
6936_01,FALSE
6936_02,FALSE
6936_03,TRUE
6938_01,TRUE
6941_01,TRUE
6942_01,TRUE
6948_01,TRUE
6952_01,TRUE
6953_01,TRUE
6955_01,FALSE
6956_01,FALSE
6958_01,TRUE
6959_01,FALSE
6959_02,TRUE
6959_03,TRUE
6961_01,FALSE
6961_02,FALSE
6965_01,TRUE
6969_01,FALSE
6974_01,FALSE
6975_01,FALSE
6983_01,TRUE
6983_02,FALSE
6986_01,TRUE
6986_02,FALSE
6986_03,TRUE
6986_04,TRUE
6986_05,TRUE
6986_06,FALSE
6986_07,FALSE
6986_08,FALSE
6989_01,TRUE
6993_01,FALSE
7000_01,TRUE
7003_01,FALSE
7009_01,FALSE
7009_02,FALSE
7012_01,TRUE
7023_01,FALSE
7024_01,TRUE
7030_01,FALSE
7033_01,TRUE
7035_01,TRUE
7043_01,FALSE
7046_01,FALSE
7046_02,FALSE
7046_03,FALSE
7054_01,TRUE
7054_02,TRUE
7055_01,TRUE
7063_01,TRUE
7063_02,FALSE
7064_01,TRUE
7065_01,TRUE
7066_01,FALSE
7066_02,FALSE
7067_01,FALSE
7067_02,FALSE
7067_03,FALSE
7070_01,TRUE
7075_01,FALSE
7076_01,TRUE
7081_01,TRUE
7081_02,TRUE
7100_01,TRUE
7100_02,FALSE
7101_01,FALSE
7101_02,FALSE
7102_01,TRUE
7103_01,FALSE
7103_02,TRUE
7107_01,TRUE
7108_01,FALSE
7112_01,TRUE
7115_01,TRUE
7122_01,TRUE
7123_01,FALSE
7124_01,TRUE
7124_02,TRUE
7124_03,TRUE
7125_01,TRUE
7129_01,TRUE
7130_01,TRUE
7130_02,TRUE
7130_03,FALSE
7130_04,FALSE
7130_05,TRUE
7130_06,TRUE
7130_07,FALSE
7131_01,TRUE
7135_01,TRUE
7135_02,TRUE
7135_03,TRUE
7135_04,TRUE
7136_01,TRUE
7138_01,FALSE
7139_01,FALSE
7141_01,FALSE
7145_01,FALSE
7146_01,FALSE
7147_01,TRUE
7150_01,FALSE
7150_02,TRUE
7153_01,FALSE
7154_01,FALSE
7158_01,FALSE
7163_01,TRUE
7163_02,TRUE
7163_03,FALSE
7164_01,FALSE
7169_01,TRUE
7172_01,FALSE
7172_02,FALSE
7174_01,FALSE
7178_01,TRUE
7183_01,TRUE
7185_01,TRUE
7195_01,TRUE
7196_01,TRUE
7198_01,TRUE
7201_01,FALSE
7204_01,FALSE
7209_01,FALSE
7209_02,TRUE
7211_01,FALSE
7212_01,TRUE
7213_01,TRUE
7220_01,FALSE
7222_01,TRUE
7223_01,TRUE
7228_01,TRUE
7231_01,FALSE
7237_01,TRUE
7239_01,TRUE
7241_01,TRUE
7241_02,FALSE
7243_01,TRUE
7243_02,TRUE
7243_03,TRUE
7243_04,FALSE
7243_05,TRUE
7244_01,TRUE
7245_01,TRUE
7248_01,FALSE
7248_02,TRUE
7251_01,TRUE
7254_01,FALSE
7262_01,FALSE
7263_01,FALSE
7264_01,FALSE
7265_01,FALSE
7266_01,FALSE
7266_02,TRUE
7266_03,TRUE
7269_01,FALSE
7269_02,TRUE
7272_01,TRUE
7275_01,TRUE
7281_01,TRUE
7282_01,TRUE
7286_01,FALSE
7287_01,TRUE
7288_01,FALSE
7291_01,TRUE
7293_01,FALSE
7294_01,FALSE
7295_01,FALSE
7295_02,FALSE
7299_01,TRUE
7308_01,TRUE
7312_01,FALSE
7315_01,TRUE
7316_01,TRUE
7317_01,FALSE
7318_01,FALSE
7319_01,TRUE
7319_02,TRUE
7319_03,TRUE
7325_01,FALSE
7329_01,FALSE
7329_02,FALSE
7329_03,TRUE
7333_01,FALSE
7335_01,TRUE
7345_01,FALSE
7348_01,FALSE
7348_02,TRUE
7348_03,TRUE
7349_01,FALSE
7352_01,FALSE
7354_01,TRUE
7354_02,TRUE
7354_03,TRUE
7354_04,FALSE
7354_05,TRUE
7354_06,FALSE
7355_01,FALSE
7357_01,TRUE
7362_01,FALSE
7363_01,TRUE
7364_01,TRUE
7368_01,TRUE
7369_01,FALSE
7373_01,TRUE
7373_02,TRUE
7375_01,FALSE
7378_01,FALSE
7380_01,TRUE
7380_02,TRUE
7380_03,FALSE
7380_04,TRUE
7381_01,TRUE
7382_01,TRUE
7383_01,TRUE
7383_02,FALSE
7384_01,FALSE
7386_01,TRUE
7389_01,TRUE
7397_01,TRUE
7400_01,FALSE
7404_01,TRUE
7407_01,FALSE
7409_01,FALSE
7409_02,FALSE
7412_01,TRUE
7413_01,TRUE
7413_02,FALSE
7414_01,FALSE
7415_01,FALSE
7417_01,FALSE
7417_02,FALSE
7420_01,FALSE
7421_01,TRUE
7421_02,TRUE
7423_01,FALSE
7423_02,TRUE
7424_01,FALSE
7426_01,TRUE
7426_02,TRUE
7426_03,TRUE
7433_01,TRUE
7434_01,FALSE
7439_01,FALSE
7439_02,TRUE
7440_01,FALSE
7441_01,TRUE
7443_01,TRUE
7451_01,TRUE
7454_01,FALSE
7463_01,FALSE
7465_01,FALSE
7466_01,FALSE
7467_01,FALSE
7468_01,TRUE
7469_01,FALSE
7470_01,TRUE
7471_01,TRUE
7471_02,FALSE
7473_01,FALSE
7473_02,FALSE
7474_01,FALSE
7476_01,TRUE
7480_01,FALSE
7482_01,TRUE
7482_02,FALSE
7489_01,TRUE
7489_02,FALSE
7489_03,FALSE
7491_01,TRUE
7493_01,TRUE
7497_01,TRUE
7511_01,FALSE
7516_01,TRUE
7519_01,FALSE
7526_01,TRUE
7528_01,TRUE
7528_02,TRUE
7528_03,FALSE
7528_04,TRUE
7530_01,TRUE
7530_02,FALSE
7530_03,FALSE
7530_04,FALSE
7532_01,TRUE
7537_01,TRUE
7539_01,TRUE
7539_02,TRUE
7540_01,FALSE
7541_01,TRUE
7541_02,TRUE
7541_03,FALSE
7546_01,TRUE
7547_01,TRUE
7548_01,FALSE
7551_01,TRUE
7554_01,TRUE
7555_01,FALSE
7556_01,TRUE
7556_02,TRUE
7556_03,FALSE
7556_04,TRUE
7557_01,FALSE
7557_02,TRUE
7557_03,TRUE
7558_01,FALSE
7558_02,TRUE
7562_01,FALSE
7564_01,FALSE
7566_01,FALSE
7570_01,TRUE
7570_02,FALSE
7571_01,FALSE
7575_01,FALSE
7581_01,FALSE
7582_01,TRUE
7582_02,TRUE
7582_03,TRUE
7582_04,FALSE
7582_05,TRUE
7587_01,TRUE
7589_01,TRUE
7590_01,TRUE
7591_01,TRUE
7591_02,TRUE
7593_01,TRUE
7597_01,TRUE
7597_02,TRUE
7597_03,FALSE
7597_04,TRUE
7597_05,FALSE
7597_06,TRUE
7597_07,FALSE
7600_01,TRUE
7600_02,FALSE
7602_01,TRUE
7603_01,TRUE
7607_01,FALSE
7610_01,TRUE
7610_02,FALSE
7611_01,FALSE
7611_02,FALSE
7612_01,FALSE
7612_02,TRUE
7613_01,TRUE
7615_01,FALSE
7617_01,FALSE
7619_01,FALSE
7629_01,TRUE
7629_02,FALSE
7629_03,TRUE
7636_01,FALSE
7637_01,TRUE
7637_02,FALSE
7637_03,TRUE
7638_01,TRUE
7642_01,TRUE
7645_01,TRUE
7648_01,TRUE
7651_01,TRUE
7653_01,FALSE
7654_01,TRUE
7655_01,TRUE
7657_01,FALSE
7658_01,TRUE
7659_01,FALSE
7662_01,TRUE
7663_01,TRUE
7664_01,FALSE
7668_01,FALSE
7672_01,FALSE
7673_01,FALSE
7674_01,FALSE
7675_01,FALSE
7681_01,FALSE
7685_01,TRUE
7686_01,TRUE
7695_01,FALSE
7701_01,FALSE
7704_01,TRUE
7706_01,TRUE
7718_01,TRUE
7722_01,FALSE
7725_01,TRUE
7726_01,TRUE
7730_01,FALSE
7732_01,FALSE
7733_01,FALSE
7734_01,TRUE
7735_01,FALSE
7737_01,TRUE
7740_01,TRUE
7740_02,FALSE
7745_01,TRUE
7750_01,FALSE
7756_01,TRUE
7758_01,FALSE
7759_01,TRUE
7762_01,FALSE
7765_01,TRUE
7765_02,TRUE
7765_03,TRUE
7766_01,FALSE
7772_01,TRUE
7779_01,TRUE
7781_01,FALSE
7792_01,TRUE
7792_02,TRUE
7792_03,TRUE
7792_04,FALSE
7792_05,TRUE
7794_01,FALSE
7795_01,FALSE
7795_02,FALSE
7796_01,FALSE
7798_01,FALSE
7798_02,TRUE
7799_01,TRUE
7804_01,FALSE
7807_01,FALSE
7811_01,FALSE
7814_01,TRUE
7817_01,FALSE
7819_01,TRUE
7822_01,FALSE
7823_01,TRUE
7825_01,FALSE
7825_02,TRUE
7825_03,FALSE
7826_01,TRUE
7827_01,TRUE
7836_01,FALSE
7838_01,TRUE
7844_01,FALSE
7846_01,FALSE
7846_02,TRUE
7854_01,TRUE
7855_01,FALSE
7857_01,TRUE
7860_01,FALSE
7862_01,TRUE
7867_01,FALSE
7869_01,FALSE
7874_01,TRUE
7874_02,TRUE
7876_01,FALSE
7880_01,TRUE
7880_02,FALSE
7887_01,TRUE
7893_01,TRUE
7893_02,TRUE
7893_03,TRUE
7893_04,TRUE
7893_05,TRUE
7896_01,FALSE
7898_01,FALSE
7900_01,FALSE
7906_01,FALSE
7909_01,FALSE
7909_02,FALSE
7911_01,TRUE
7912_01,FALSE
7915_01,FALSE
7915_02,FALSE
7915_03,FALSE
7917_01,TRUE
7921_01,FALSE
7921_02,FALSE
7923_01,FALSE
7925_01,TRUE
7927_01,TRUE
7927_02,FALSE
7927_03,FALSE
7928_01,FALSE
7931_01,FALSE
7932_01,FALSE
7933_01,TRUE
7934_01,TRUE
7934_02,TRUE
7934_03,TRUE
7938_01,FALSE
7942_01,FALSE
7942_02,TRUE
7948_01,FALSE
7951_01,TRUE
7953_01,FALSE
7956_01,TRUE
7959_01,FALSE
7961_01,FALSE
7963_01,TRUE
7963_02,FALSE
7963_03,TRUE
7964_01,TRUE
7965_01,TRUE
7966_01,FALSE
7969_01,TRUE
7971_01,TRUE
7971_02,FALSE
7975_01,TRUE
7977_01,FALSE
7978_01,TRUE
7978_02,FALSE
7979_01,FALSE
7980_01,FALSE
7991_01,FALSE
7991_02,TRUE
7991_03,TRUE
7991_04,TRUE
7992_01,TRUE
7997_01,TRUE
7998_01,TRUE
7998_02,TRUE
7998_03,TRUE
7998_04,TRUE
8001_01,FALSE
8002_01,FALSE
8008_01,FALSE
8009_01,FALSE
8011_01,FALSE
8013_01,TRUE
8017_01,FALSE
8022_01,TRUE
8028_01,FALSE
8033_01,FALSE
8039_01,TRUE
8039_02,TRUE
8040_01,FALSE
8041_01,FALSE
8041_02,TRUE
8044_01,TRUE
8045_01,FALSE
8047_01,TRUE
8048_01,TRUE
8051_01,TRUE
8051_02,TRUE
8061_01,FALSE
8061_02,TRUE
8062_01,FALSE
8065_01,FALSE
8070_01,FALSE
8073_01,TRUE
8074_01,TRUE
8080_01,TRUE
8090_01,TRUE
8093_01,FALSE
8095_01,FALSE
8096_01,TRUE
8099_01,TRUE
8100_01,TRUE
8101_01,TRUE
8104_01,TRUE
8109_01,FALSE
8110_01,FALSE
8111_01,TRUE
8113_01,TRUE
8113_02,TRUE
8113_03,TRUE
8113_04,FALSE
8114_01,TRUE
8125_01,TRUE
8125_02,TRUE
8126_01,FALSE
8127_01,TRUE
8132_01,FALSE
8134_01,TRUE
8142_01,TRUE
8145_01,TRUE
8146_01,TRUE
8151_01,FALSE
8154_01,TRUE
8155_01,TRUE
8160_01,FALSE
8163_01,FALSE
8166_01,FALSE
8169_01,FALSE
8170_01,TRUE
8172_01,TRUE
8174_01,FALSE
8179_01,TRUE
8180_01,FALSE
8181_01,FALSE
8181_02,FALSE
8181_03,TRUE
8183_01,FALSE
8184_01,FALSE
8185_01,FALSE
8187_01,FALSE
8188_01,FALSE
8193_01,TRUE
8195_01,TRUE
8196_01,FALSE
8196_02,TRUE
8198_01,TRUE
8201_01,TRUE
8206_01,FALSE
8215_01,TRUE
8223_01,TRUE
8228_01,FALSE
8230_01,FALSE
8234_01,FALSE
8236_01,TRUE
8240_01,TRUE
8241_01,TRUE
8245_01,TRUE
8245_02,TRUE
8246_01,FALSE
8249_01,FALSE
8250_01,TRUE
8253_01,FALSE
8256_01,FALSE
8258_01,FALSE
8262_01,FALSE
8263_01,FALSE
8269_01,FALSE
8274_01,TRUE
8278_01,TRUE
8283_01,TRUE
8284_01,TRUE
8284_02,TRUE
8285_01,FALSE
8286_01,TRUE
8290_01,TRUE
8293_01,FALSE
8296_01,TRUE
8299_01,FALSE
8304_01,FALSE
8304_02,TRUE
8304_03,TRUE
8305_01,TRUE
8305_02,TRUE
8305_03,TRUE
8308_01,FALSE
8309_01,FALSE
8311_01,FALSE
8312_01,TRUE
8325_01,TRUE
8325_02,FALSE
8327_01,FALSE
8331_01,TRUE
8337_01,FALSE
8340_01,FALSE
8340_02,TRUE
8340_03,FALSE
8347_01,TRUE
8349_01,FALSE
8350_01,FALSE
8351_01,FALSE
8352_01,FALSE
8353_01,FALSE
8355_01,TRUE
8357_01,TRUE
8357_02,TRUE
8358_01,FALSE
8359_01,FALSE
8361_01,FALSE
8361_02,FALSE
8361_03,TRUE
8361_04,TRUE
8361_05,TRUE
8364_01,TRUE
8367_01,FALSE
8370_01,TRUE
8370_02,FALSE
8372_01,TRUE
8385_01,TRUE
8385_02,FALSE
8385_03,TRUE
8387_01,TRUE
8389_01,TRUE
8391_01,FALSE
8396_01,FALSE
8399_01,FALSE
8400_01,FALSE
8400_02,TRUE
8400_03,FALSE
8402_01,TRUE
8402_02,TRUE
8402_03,TRUE
8408_01,FALSE
8408_02,TRUE
8412_01,TRUE
8413_01,TRUE
8415_01,FALSE
8417_01,FALSE
8422_01,FALSE
8424_01,FALSE
8425_01,TRUE
8425_02,TRUE
8426_01,TRUE
8426_02,FALSE
8428_01,TRUE
8434_01,TRUE
8435_01,FALSE
8436_01,FALSE
8439_01,TRUE
8440_01,FALSE
8440_02,TRUE
8440_03,TRUE
8443_01,TRUE
8443_02,FALSE
8445_01,TRUE
8445_02,TRUE
8445_03,TRUE
8446_01,FALSE
8450_01,TRUE
8450_02,FALSE
8450_03,TRUE
8453_01,TRUE
8455_01,FALSE
8461_01,FALSE
8464_01,FALSE
8464_02,TRUE
8473_01,TRUE
8473_02,FALSE
8478_01,TRUE
8478_02,FALSE
8484_01,TRUE
8485_01,TRUE
8488_01,TRUE
8490_01,FALSE
8496_01,FALSE
8497_01,FALSE
8498_01,FALSE
8499_01,TRUE
8501_01,TRUE
8505_01,FALSE
8507_01,TRUE
8510_01,FALSE
8510_02,TRUE
8513_01,FALSE
8515_01,FALSE
8517_01,FALSE
8517_02,TRUE
8518_01,TRUE
8519_01,TRUE
8520_01,FALSE
8520_02,TRUE
8525_01,TRUE
8525_02,TRUE
8526_01,FALSE
8526_02,TRUE
8527_01,TRUE
8529_01,FALSE
8531_01,TRUE
8532_01,FALSE
8533_01,TRUE
8534_01,FALSE
8534_02,TRUE
8534_03,TRUE
8534_04,FALSE
8538_01,FALSE
8543_01,TRUE
8543_02,TRUE
8543_03,TRUE
8543_04,FALSE
8543_05,FALSE
8543_06,FALSE
8543_07,TRUE
8543_08,FALSE
8546_01,TRUE
8547_01,FALSE
8550_01,FALSE
8553_01,FALSE
8555_01,TRUE
8555_02,TRUE
8555_03,TRUE
8558_01,TRUE
8562_01,TRUE
8563_01,FALSE
8564_01,FALSE
8565_01,TRUE
8565_02,TRUE
8565_03,FALSE
8567_01,FALSE
8567_02,FALSE
8567_03,FALSE
8568_01,TRUE
8568_02,TRUE
8575_01,TRUE
8576_01,TRUE
8578_01,FALSE
8579_01,TRUE
8582_01,TRUE
8583_01,TRUE
8583_02,TRUE
8590_01,FALSE
8591_01,TRUE
8593_01,FALSE
8600_01,TRUE
8601_01,FALSE
8608_01,TRUE
8621_01,TRUE
8622_01,FALSE
8625_01,FALSE
8627_01,FALSE
8630_01,TRUE
8632_01,TRUE
8632_02,FALSE
8647_01,TRUE
8648_01,TRUE
8648_02,FALSE
8648_03,TRUE
8649_01,FALSE
8651_01,FALSE
8652_01,FALSE
8655_01,FALSE
8660_01,TRUE
8662_01,TRUE
8665_01,TRUE
8666_01,TRUE
8676_01,TRUE
8677_01,FALSE
8677_02,TRUE
8677_03,TRUE
8678_01,TRUE
8678_02,FALSE
8679_01,TRUE
8682_01,FALSE
8686_01,TRUE
8689_01,FALSE
8690_01,FALSE
8690_02,TRUE
8692_01,TRUE
8692_02,FALSE
8692_03,TRUE
8697_01,TRUE
8698_01,TRUE
8699_01,TRUE
8702_01,TRUE
8705_01,TRUE
8706_01,FALSE
8707_01,FALSE
8711_01,TRUE
8713_01,FALSE
8713_02,TRUE
8715_01,TRUE
8718_01,FALSE
8724_01,FALSE
8725_01,FALSE
8726_01,TRUE
8730_01,FALSE
8731_01,FALSE
8737_01,TRUE
8738_01,TRUE
8739_01,FALSE
8740_01,TRUE
8742_01,FALSE
8745_01,FALSE
8746_01,TRUE
8747_01,TRUE
8747_02,FALSE
8748_01,FALSE
8748_02,FALSE
8756_01,FALSE
8758_01,FALSE
8758_02,TRUE
8761_01,FALSE
8763_01,FALSE
8763_02,FALSE
8763_03,TRUE
8765_01,FALSE
8767_01,FALSE
8767_02,FALSE
8768_01,FALSE
8768_02,TRUE
8768_03,FALSE
8775_01,TRUE
8777_01,FALSE
8778_01,TRUE
8778_02,TRUE
8784_01,FALSE
8788_01,FALSE
8792_01,TRUE
8793_01,FALSE
8793_02,TRUE
8793_03,TRUE
8793_04,FALSE
8793_05,TRUE
8795_01,FALSE
8800_01,TRUE
8800_02,TRUE
8800_03,TRUE
8800_04,TRUE
8800_05,TRUE
8803_01,TRUE
8804_01,TRUE
8804_02,TRUE
8804_03,TRUE
8804_04,FALSE
8804_05,FALSE
8810_01,FALSE
8814_01,TRUE
8829_01,TRUE
8832_01,FALSE
8837_01,FALSE
8839_01,FALSE
8839_02,FALSE
8846_01,FALSE
8846_02,FALSE
8847_01,TRUE
8851_01,TRUE
8855_01,FALSE
8857_01,TRUE
8859_01,FALSE
8866_01,TRUE
8870_01,TRUE
8870_02,FALSE
8873_01,FALSE
8873_02,FALSE
8873_03,TRUE
8875_01,TRUE
8875_02,FALSE
8875_03,TRUE
8877_01,TRUE
8877_02,TRUE
8879_01,TRUE
8882_01,FALSE
8887_01,TRUE
8888_01,FALSE
8893_01,TRUE
8893_02,TRUE
8895_01,TRUE
8895_02,FALSE
8898_01,FALSE
8908_01,TRUE
8909_01,FALSE
8911_01,TRUE
8912_01,TRUE
8913_01,TRUE
8913_02,TRUE
8913_03,TRUE
8914_01,FALSE
8915_01,FALSE
8916_01,TRUE
8917_01,TRUE
8921_01,TRUE
8924_01,TRUE
8925_01,TRUE
8925_02,TRUE
8925_03,TRUE
8925_04,TRUE
8925_05,TRUE
8925_06,FALSE
8927_01,TRUE
8929_01,TRUE
8931_01,FALSE
8933_01,FALSE
8934_01,FALSE
8935_01,TRUE
8936_01,FALSE
8943_01,FALSE
8946_01,TRUE
8949_01,FALSE
8950_01,FALSE
8951_01,FALSE
8952_01,FALSE
8953_01,FALSE
8957_01,FALSE
8958_01,TRUE
8960_01,TRUE
8960_02,FALSE
8960_03,TRUE
8962_01,FALSE
8963_01,TRUE
8965_01,FALSE
8971_01,TRUE
8974_01,TRUE
8979_01,FALSE
8980_01,FALSE
8980_02,FALSE
8980_03,TRUE
8980_04,FALSE
8980_05,FALSE
8980_06,TRUE
8980_07,TRUE
8984_01,FALSE
8990_01,TRUE
8991_01,TRUE
8994_01,FALSE
8994_02,TRUE
8995_01,FALSE
9000_01,FALSE
9002_01,FALSE
9005_01,TRUE
9016_01,FALSE
9016_02,FALSE
9016_03,FALSE
9016_04,TRUE
9016_05,FALSE
9017_01,TRUE
9022_01,FALSE
9022_02,TRUE
9022_03,TRUE
9025_01,FALSE
9025_02,TRUE
9027_01,FALSE
9033_01,TRUE
9039_01,TRUE
9040_01,FALSE
9044_01,FALSE
9045_01,FALSE
9045_02,FALSE
9047_01,TRUE
9050_01,TRUE
9051_01,TRUE
9053_01,TRUE
9053_02,TRUE
9054_01,TRUE
9055_01,FALSE
9056_01,FALSE
9058_01,FALSE
9062_01,FALSE
9062_02,TRUE
9063_01,TRUE
9065_01,TRUE
9067_01,FALSE
9067_02,FALSE
9070_01,FALSE
9070_02,TRUE
9082_01,FALSE
9083_01,TRUE
9083_02,FALSE
9086_01,TRUE
9086_02,FALSE
9087_01,FALSE
9088_01,TRUE
9090_01,FALSE
9091_01,TRUE
9092_01,FALSE
9093_01,FALSE
9095_01,FALSE
9096_01,TRUE
9096_02,TRUE
9100_01,FALSE
9102_01,TRUE
9105_01,TRUE
9109_01,TRUE
9113_01,TRUE
9117_01,FALSE
9121_01,TRUE
9123_01,TRUE
9133_01,TRUE
9135_01,FALSE
9138_01,FALSE
9143_01,FALSE
9143_02,FALSE
9143_03,FALSE
9146_01,FALSE
9146_02,FALSE
9146_03,TRUE
9147_01,TRUE
9153_01,TRUE
9154_01,TRUE
9155_01,FALSE
9155_02,FALSE
9155_03,TRUE
9155_04,TRUE
9162_01,TRUE
9162_02,FALSE
9162_03,FALSE
9166_01,TRUE
9171_01,TRUE
9177_01,TRUE
9177_02,TRUE
9182_01,FALSE
9187_01,TRUE
9187_02,FALSE
9191_01,TRUE
9198_01,FALSE
9200_01,FALSE
9204_01,FALSE
9206_01,TRUE
9206_02,FALSE
9206_03,TRUE
9207_01,TRUE
9209_01,FALSE
9210_01,FALSE
9212_01,FALSE
9212_02,TRUE
9214_01,FALSE
9215_01,TRUE
9216_01,FALSE
9223_01,TRUE
9223_02,TRUE
9228_01,FALSE
9229_01,FALSE
9232_01,FALSE
9236_01,TRUE
9238_01,FALSE
9238_02,TRUE
9238_03,TRUE
9238_04,FALSE
9238_05,TRUE
9238_06,TRUE
9238_07,FALSE
9240_01,FALSE
9243_01,TRUE
9245_01,FALSE
9249_01,FALSE
9255_01,TRUE
9258_01,TRUE
9260_01,TRUE
9262_01,TRUE
9263_01,TRUE
9265_01,TRUE
9266_01,TRUE
9266_02,TRUE
9269_01,FALSE
9271_01,TRUE
9273_01,TRUE
9277_01,FALSE
